url,label
http://amazon-login-secure.com/verify/84rpu,1
https://docs.linkedin.com,0
http://bit.ly/qdj5cu,1
http://192.168.132.36/netflix/login.php,1
http://bit.ly/5p3ebq3vya,1
http://bit.ly/014gve,1
http://verify-apple-account.com/@sux9l0ij/secure,1
http://bankofamerica.com-account-update.info/signin,1
https://netflix.com/help/faq,0
http://verify-netflix-account.com/@4np4d/secure,1
https://www.apple.com,0
https://www.bbc.com/contact,0
https://www.linkedin.com/user/profile,0
http://bit.ly/txymscnx8e,1
https://www.wikipedia.org/blog/2024/update,0
https://www.stackoverflow.com/user/profile,0
http://secure-paypal-verify.tk/confirm?id=9wdjs,1
https://www.google.com/user/profile,0
https://docs.wikipedia.org/blog/2024/update,0
https://www.google.com/user/profile,0
https://docs.github.com/docs/api,0
http://secure-paypal-verify.tk/confirm?id=akytt3imj7,1
https://docs.spotify.com/docs/api,0
http://bankofamerica-login-secure.com/verify/srkhg,1
https://bbc.com/help/faq,0
http://instagram-login-secure.com/verify/jxaf1,1
http://microsoft-3iqquolgq.xyz/update-password,1
https://www.netflix.com/about,0
https://www.reddit.com/search?q=example,0
http://microsoft.com-account-update.info/signin,1
http://wellsfargo-login-secure.com/verify/rvwy3rz,1
http://bit.ly/1qqfvw,1
https://www.reddit.com/contact,0
http://verify-amazon-account.com/@fkj6xhpd3b/secure,1
http://secure-netflix-verify.tk/confirm?id=dbvz,1
http://instagram-n9uzeryf.xyz/update-password,1
https://www.adobe.com/products,0
https://www.github.com/about,0
https://spotify.com/docs/api,0
https://github.com/help/faq,0
https://microsoft.com/about,0
http://netflix-xa11d.xyz/update-password,1
http://facebook-1xxlp8ii7.xyz/update-password,1
http://verify-netflix-account.com/@vrocv/secure,1
http://192.168.224.141/netflix/login.php,1
http://wellsfargo-deky82.xyz/update-password,1
http://netflix-lozesjn.xyz/update-password,1
https://linkedin.com/docs/api,0
http://bit.ly/5izb1edmb,1
https://www.netflix.com/search?q=example,0
https://www.reddit.com/contact,0
http://verify-amazon-account.com/@ka9lz57v4/secure,1
http://bit.ly/ldzm,1
https://docs.microsoft.com/about,0
https://docs.linkedin.com/about,0
http://applesupport.tk/webscr?cmd=login&w9ufz=1,1
http://192.168.30.203/microsoft/login.php,1
https://docs.apple.com,0
https://www.github.com/products,0
http://secure-apple-verify.tk/confirm?id=1fpe60,1
https://docs.spotify.com/help/faq,0
https://www.reddit.com/blog/2024/update,0
https://docs.github.com,0
https://spotify.com/products,0
http://secure-netflix-verify.tk/confirm?id=7m35ixokc1,1
http://secure-microsoft-verify.tk/confirm?id=wxrog98,1
https://www.stackoverflow.com/about,0
http://wellsfargo-login-secure.com/verify/imr25i7a,1
https://github.com/contact,0
http://verify-microsoft-account.com/@334l1v/secure,1
https://www.microsoft.com/blog/2024/update,0
http://verify-microsoft-account.com/@6sgw2n/secure,1
https://apple.com/user/profile,0
http://secure-facebook-verify.tk/confirm?id=e00h2k2p,1
https://docs.apple.com/blog/2024/update,0
http://microsoft-login-secure.com/verify/2kql0ht1t,1
https://www.dropbox.com,0
https://www.github.com,0
https://docs.microsoft.com/user/profile,0
https://reddit.com/docs/api,0
https://www.adobe.com/search?q=example,0
https://docs.wikipedia.org/user/profile,0
https://docs.amazon.com/search?q=example,0
https://amazon.com/user/profile,0
http://facebooksupport.click/webscr?cmd=login&ygw22yg=1,1
https://docs.dropbox.com/docs/api,0
http://facebook-7l7j7y.xyz/update-password,1
https://docs.reddit.com/search?q=example,0
http://microsoft-5zz679.xyz/update-password,1
http://secure-netflix-verify.tk/confirm?id=casi,1
http://amazon.com-account-update.info/signin,1
http://secure-apple-verify.tk/confirm?id=sferfxio,1
https://www.spotify.com,0
http://192.168.211.110/instagram/login.php,1
https://www.stackoverflow.com/docs/api,0
https://www.dropbox.com/user/profile,0
http://bankofamerica.com-account-update.info/signin,1
http://verify-bankofamerica-account.com/@h3mi/secure,1
https://www.bbc.com/contact,0
http://chase-rbt6sapbs2.xyz/update-password,1
http://bankofamericasupport.top/webscr?cmd=login&tfyt=1,1
http://apple-login-secure.com/verify/8yfb,1
http://netflix.com-account-update.info/signin,1
http://chase.com-account-update.info/signin,1
http://secure-bankofamerica-verify.tk/confirm?id=u4b9,1
https://www.github.com/user/profile,0
http://wellsfargo.com-account-update.info/signin,1
http://secure-facebook-verify.tk/confirm?id=gnekrcpp,1
http://applesupport.cf/webscr?cmd=login&gigatj9tze=1,1
http://wellsfargo.com-account-update.info/signin,1
https://docs.google.com/products,0
https://github.com/about,0
http://amazonsupport.ga/webscr?cmd=login&08kgfp9=1,1
http://microsoftsupport.click/webscr?cmd=login&sr75rmg7f9=1,1
http://paypal-login-secure.com/verify/0i5ldslcb,1
https://www.wikipedia.org/docs/api,0
https://reddit.com/about,0
https://docs.wikipedia.org/user/profile,0
https://www.linkedin.com/help/faq,0
http://netflixsupport.ml/webscr?cmd=login&3mbwu5js=1,1
http://wellsfargosupport.ml/webscr?cmd=login&91r0hrli=1,1
https://docs.linkedin.com/contact,0
http://amazonsupport.ga/webscr?cmd=login&lpefjaws=1,1
https://github.com/help/faq,0
https://www.spotify.com/about,0
https://www.reddit.com/help/faq,0
http://192.168.58.212/bankofamerica/login.php,1
http://192.168.119.58/chase/login.php,1
http://amazon.com-account-update.info/signin,1
http://bit.ly/r424t,1
http://chase-fmcie4acjo.xyz/update-password,1
https://docs.bbc.com/products,0
https://www.bbc.com/docs/api,0
https://amazon.com/docs/api,0
http://facebook.com-account-update.info/signin,1
https://docs.wikipedia.org/user/profile,0
https://docs.stackoverflow.com,0
https://www.adobe.com/products,0
https://www.adobe.com/user/profile,0
https://www.wikipedia.org/blog/2024/update,0
https://www.adobe.com/products,0
https://www.wikipedia.org/search?q=example,0
http://amazon.com-account-update.info/signin,1
http://192.168.237.200/bankofamerica/login.php,1
http://bit.ly/k15u,1
https://microsoft.com/blog/2024/update,0
https://docs.linkedin.com/docs/api,0
https://docs.linkedin.com/help/faq,0
https://www.linkedin.com/user/profile,0
https://adobe.com,0
https://netflix.com/search?q=example,0
https://spotify.com/docs/api,0
https://www.nytimes.com/about,0
https://nytimes.com/contact,0
https://www.bbc.com/about,0
https://docs.adobe.com,0
https://nytimes.com/help/faq,0
https://www.wikipedia.org/help/faq,0
https://www.amazon.com/help/faq,0
http://verify-paypal-account.com/@ot6atj4/secure,1
https://www.microsoft.com/help/faq,0
http://wellsfargo-mxetiz.xyz/update-password,1
https://nytimes.com,0
http://instagramsupport.cf/webscr?cmd=login&uijn=1,1
https://stackoverflow.com/products,0
https://docs.dropbox.com/contact,0
http://verify-bankofamerica-account.com/@5q14j1rip/secure,1
https://www.reddit.com/contact,0
https://docs.spotify.com/user/profile,0
https://www.nytimes.com/products,0
http://secure-wellsfargo-verify.tk/confirm?id=96sjqa0,1
http://wellsfargosupport.click/webscr?cmd=login&2any=1,1
https://www.netflix.com/contact,0
http://verify-apple-account.com/@lx1q8f6/secure,1
https://docs.apple.com/search?q=example,0
http://bit.ly/74rqvfx2zv,1
http://verify-chase-account.com/@gwhupof0hk/secure,1
http://192.168.194.41/chase/login.php,1
http://netflix-login-secure.com/verify/1fkj4y,1
https://www.spotify.com/products,0
http://bankofamerica-uu8dd.xyz/update-password,1
http://applesupport.tk/webscr?cmd=login&j9k4ci2=1,1
http://secure-amazon-verify.tk/confirm?id=yook63r,1
https://docs.bbc.com/about,0
https://docs.amazon.com/about,0
https://bbc.com/search?q=example,0
https://reddit.com/contact,0
http://bit.ly/ambhw,1
http://microsoft-gjcy.xyz/update-password,1
http://192.168.104.123/facebook/login.php,1
http://secure-paypal-verify.tk/confirm?id=hk2lslaym,1
https://docs.microsoft.com/products,0
https://wikipedia.org/blog/2024/update,0
https://docs.microsoft.com/search?q=example,0
http://bit.ly/36vf,1
http://secure-microsoft-verify.tk/confirm?id=8k6p62j4xy,1
https://www.adobe.com,0
http://verify-instagram-account.com/@d9alk7y/secure,1
http://secure-bankofamerica-verify.tk/confirm?id=kxdrkz,1
https://amazon.com,0
https://www.netflix.com/search?q=example,0
https://docs.bbc.com,0
http://bit.ly/ixdu1e,1
http://192.168.170.227/bankofamerica/login.php,1
http://192.168.143.70/paypal/login.php,1
https://www.reddit.com,0
http://192.168.240.92/paypal/login.php,1
http://facebook.com-account-update.info/signin,1
http://verify-wellsfargo-account.com/@wlvunl/secure,1
https://wikipedia.org/help/faq,0
http://instagram-login-secure.com/verify/82xlvb9hxk,1
https://docs.spotify.com/contact,0
http://wellsfargo.com-account-update.info/signin,1
http://amazon-vaev0yu3u.xyz/update-password,1
https://www.reddit.com/blog/2024/update,0
https://www.netflix.com/about,0
https://www.microsoft.com/docs/api,0
https://www.bbc.com/about,0
https://www.dropbox.com/blog/2024/update,0
http://secure-paypal-verify.tk/confirm?id=5nov31ny,1
http://secure-netflix-verify.tk/confirm?id=0ezf,1
http://192.168.135.27/microsoft/login.php,1
http://netflix.com-account-update.info/signin,1
http://verify-bankofamerica-account.com/@7nie3f/secure,1
https://www.nytimes.com/contact,0
http://instagram-8y7uiko.xyz/update-password,1
http://instagramsupport.ga/webscr?cmd=login&qyyv=1,1
https://www.apple.com/blog/2024/update,0
http://bit.ly/fc1xx6cwzx,1
https://linkedin.com/blog/2024/update,0
https://dropbox.com/about,0
http://amazon-911zsb8.xyz/update-password,1
https://docs.microsoft.com,0
https://apple.com/help/faq,0
http://192.168.102.104/paypal/login.php,1
https://docs.apple.com/help/faq,0
https://www.nytimes.com/blog/2024/update,0
https://www.amazon.com/user/profile,0
https://www.amazon.com/search?q=example,0
http://192.168.139.239/wellsfargo/login.php,1
https://dropbox.com/user/profile,0
http://apple-3yqy5.xyz/update-password,1
https://apple.com/about,0
http://bit.ly/5cek,1
http://facebook-login-secure.com/verify/lvxwqzxe,1
http://verify-paypal-account.com/@hym2zb/secure,1
https://docs.bbc.com/user/profile,0
https://www.netflix.com/contact,0
http://amazonsupport.tk/webscr?cmd=login&4rx6pryie=1,1
https://nytimes.com/blog/2024/update,0
https://reddit.com/docs/api,0
http://bankofamericasupport.click/webscr?cmd=login&3ygfp=1,1
http://bit.ly/5ba75uu,1
https://docs.dropbox.com,0
https://www.microsoft.com/blog/2024/update,0
https://www.microsoft.com/about,0
http://bit.ly/s3hmo1d,1
http://192.168.6.57/paypal/login.php,1
http://netflix-fd7lttc95.xyz/update-password,1
http://192.168.194.226/amazon/login.php,1
https://www.stackoverflow.com/search?q=example,0
https://docs.dropbox.com/search?q=example,0
http://microsoft-login-secure.com/verify/2w37d,1
https://stackoverflow.com/user/profile,0
https://docs.wikipedia.org/blog/2024/update,0
https://www.nytimes.com/user/profile,0
http://netflix-login-secure.com/verify/1cao8w81a,1
http://bankofamerica-login-secure.com/verify/5d2h5lomz,1
https://wikipedia.org/docs/api,0
http://bit.ly/hkswva,1
http://paypal-login-secure.com/verify/eg1cj8,1
http://apple-cqoroi.xyz/update-password,1
https://bbc.com/docs/api,0
http://bit.ly/mruyp04k43,1
http://bankofamerica-login-secure.com/verify/x5mhqnn,1
https://www.adobe.com,0
http://chase-login-secure.com/verify/j1mddbd,1
http://verify-instagram-account.com/@nue7/secure,1
https://docs.spotify.com/blog/2024/update,0
https://spotify.com/search?q=example,0
http://secure-instagram-verify.tk/confirm?id=4w8wiv5hh,1
http://secure-chase-verify.tk/confirm?id=pvcub7qmv,1
http://instagramsupport.cf/webscr?cmd=login&e45bg34=1,1
https://docs.linkedin.com,0
https://www.netflix.com/search?q=example,0
https://docs.stackoverflow.com/docs/api,0
https://reddit.com/contact,0
https://www.adobe.com/about,0
http://bankofamerica-login-secure.com/verify/p0rnpm6j,1
http://bankofamerica-e094.xyz/update-password,1
https://www.github.com/search?q=example,0
http://instagram.com-account-update.info/signin,1
http://facebook.com-account-update.info/signin,1
https://www.linkedin.com/blog/2024/update,0
http://bankofamerica-login-secure.com/verify/ccfs7i1,1
http://bit.ly/8qhe4q,1
http://verify-facebook-account.com/@uxk0a/secure,1
https://docs.stackoverflow.com/contact,0
https://docs.bbc.com/docs/api,0
https://docs.nytimes.com/blog/2024/update,0
http://verify-paypal-account.com/@cvar/secure,1
http://192.168.110.31/paypal/login.php,1
http://secure-amazon-verify.tk/confirm?id=rny2047,1
https://www.spotify.com/docs/api,0
http://verify-wellsfargo-account.com/@lg6uaco/secure,1
http://verify-instagram-account.com/@soyg/secure,1
http://amazon.com-account-update.info/signin,1
http://bankofamerica.com-account-update.info/signin,1
https://www.dropbox.com/blog/2024/update,0
https://www.stackoverflow.com/blog/2024/update,0
https://www.nytimes.com/help/faq,0
https://www.bbc.com/help/faq,0
https://www.netflix.com,0
https://www.nytimes.com/about,0
http://bankofamerica.com-account-update.info/signin,1
http://instagram-75ez6iz.xyz/update-password,1
http://bit.ly/7b7v1w4k2,1
https://www.google.com/about,0
https://github.com,0
https://docs.stackoverflow.com/search?q=example,0
http://bit.ly/npir7nzbx,1
http://verify-wellsfargo-account.com/@abkae6a/secure,1
https://www.microsoft.com/search?q=example,0
http://netflix.com-account-update.info/signin,1
http://bankofamerica-kah2xjq2w.xyz/update-password,1
http://secure-microsoft-verify.tk/confirm?id=m3v16x,1
http://facebook-login-secure.com/verify/x1oxrw,1
https://www.github.com,0
http://wellsfargo.com-account-update.info/signin,1
https://docs.wikipedia.org/about,0
https://www.bbc.com/about,0
https://wikipedia.org/products,0
http://paypal-yzm242om7.xyz/update-password,1
https://www.amazon.com/user/profile,0
https://dropbox.com/help/faq,0
http://192.168.80.26/amazon/login.php,1
https://www.adobe.com/user/profile,0
http://verify-bankofamerica-account.com/@q8dh9ptfn/secure,1
https://www.reddit.com/docs/api,0
http://verify-apple-account.com/@nwbbadlypg/secure,1
http://wellsfargosupport.tk/webscr?cmd=login&6mpb4dpge=1,1
http://apple-dh0u.xyz/update-password,1
http://bankofamerica.com-account-update.info/signin,1
https://adobe.com/help/faq,0
http://instagram.com-account-update.info/signin,1
http://facebook-login-secure.com/verify/e4c1v4,1
http://secure-netflix-verify.tk/confirm?id=0y3hkk54k,1
https://google.com,0
http://verify-amazon-account.com/@h861/secure,1
http://bit.ly/dde3cup8i,1
http://microsoft.com-account-update.info/signin,1
http://paypal-login-secure.com/verify/09q16,1
https://nytimes.com/user/profile,0
http://192.168.251.98/bankofamerica/login.php,1
https://www.nytimes.com/about,0
https://adobe.com/contact,0
https://www.adobe.com/about,0
https://www.adobe.com/products,0
http://netflix-y75it.xyz/update-password,1
http://verify-apple-account.com/@qt8fhu/secure,1
http://bit.ly/ni8w,1
https://linkedin.com/blog/2024/update,0
https://spotify.com/docs/api,0
https://dropbox.com/user/profile,0
http://bankofamerica-login-secure.com/verify/bmfbu,1
http://bankofamericasupport.ga/webscr?cmd=login&k4aegvfq=1,1
http://secure-facebook-verify.tk/confirm?id=1ggxred8u8,1
http://verify-microsoft-account.com/@48nysj5y/secure,1
https://reddit.com/about,0
http://paypal.com-account-update.info/signin,1
https://www.linkedin.com/help/faq,0
https://stackoverflow.com/contact,0
https://www.google.com,0
https://www.netflix.com/docs/api,0
https://docs.google.com/blog/2024/update,0
https://www.dropbox.com/help/faq,0
http://instagram.com-account-update.info/signin,1
https://www.google.com/about,0
https://www.netflix.com/blog/2024/update,0
http://secure-chase-verify.tk/confirm?id=g0apsa,1
http://bankofamerica.com-account-update.info/signin,1
https://www.adobe.com/about,0
http://apple.com-account-update.info/signin,1
http://verify-instagram-account.com/@ulm9kgz/secure,1
http://192.168.18.182/instagram/login.php,1
https://docs.reddit.com,0
http://verify-amazon-account.com/@eqa2o4m8/secure,1
http://bit.ly/h4oipr,1
https://www.apple.com,0
https://www.stackoverflow.com/products,0
http://paypal.com-account-update.info/signin,1
http://paypal-login-secure.com/verify/25xnofg7,1
http://secure-bankofamerica-verify.tk/confirm?id=hb7v80l,1
http://amazon-9tpz1j8q9i.xyz/update-password,1
http://192.168.169.75/instagram/login.php,1
http://microsoftsupport.ml/webscr?cmd=login&39dg5=1,1
https://www.stackoverflow.com/products,0
https://www.wikipedia.org,0
http://bit.ly/rij2frn,1
https://docs.github.com/about,0
https://docs.amazon.com/docs/api,0
https://www.netflix.com/contact,0
http://192.168.97.168/amazon/login.php,1
https://docs.apple.com/user/profile,0
http://verify-microsoft-account.com/@481xl/secure,1
http://bankofamericasupport.cf/webscr?cmd=login&wds0h=1,1
https://github.com/docs/api,0
http://paypalsupport.click/webscr?cmd=login&14zgivse=1,1
http://bankofamericasupport.ml/webscr?cmd=login&loaz1ro03=1,1
https://docs.wikipedia.org/products,0
https://www.bbc.com/products,0
http://192.168.91.69/apple/login.php,1
https://www.adobe.com,0
http://verify-instagram-account.com/@e3tv1e/secure,1
http://amazon.com-account-update.info/signin,1
https://www.wikipedia.org/contact,0
http://netflix.com-account-update.info/signin,1
http://verify-chase-account.com/@gn1w/secure,1
https://docs.wikipedia.org/products,0
https://docs.adobe.com/contact,0
https://www.reddit.com/help/faq,0
https://www.adobe.com/contact,0
http://192.168.226.176/paypal/login.php,1
https://amazon.com/search?q=example,0
http://192.168.21.250/facebook/login.php,1
http://verify-paypal-account.com/@nyfwd/secure,1
http://apple-login-secure.com/verify/ujq6,1
http://192.168.218.255/chase/login.php,1
https://www.spotify.com/user/profile,0
http://secure-instagram-verify.tk/confirm?id=26ys445gd,1
http://microsoft.com-account-update.info/signin,1
http://amazon-b68rervt9.xyz/update-password,1
https://docs.adobe.com/docs/api,0
https://www.bbc.com,0
https://www.wikipedia.org,0
https://docs.bbc.com,0
http://secure-microsoft-verify.tk/confirm?id=rsxkjkm,1
http://amazon.com-account-update.info/signin,1
http://bit.ly/ge8683,1
https://www.spotify.com/about,0
http://amazon.com-account-update.info/signin,1
https://docs.stackoverflow.com/search?q=example,0
http://amazonsupport.click/webscr?cmd=login&t3br4f=1,1
http://apple-login-secure.com/verify/egbm,1
https://www.amazon.com/docs/api,0
https://www.spotify.com,0
https://docs.nytimes.com/help/faq,0
http://secure-instagram-verify.tk/confirm?id=v18f6ft,1
http://microsoft-5igqpki7p5.xyz/update-password,1
http://bankofamerica.com-account-update.info/signin,1
https://www.adobe.com/docs/api,0
http://netflix-mbypjdf.xyz/update-password,1
http://paypal-2mt4c46p.xyz/update-password,1
http://instagram-sbjdx0p.xyz/update-password,1
https://amazon.com/docs/api,0
http://bit.ly/cpkjcsl,1
https://docs.linkedin.com/user/profile,0
https://www.bbc.com/search?q=example,0
https://www.amazon.com/search?q=example,0
https://amazon.com/contact,0
http://bit.ly/dpwv,1
https://www.bbc.com/blog/2024/update,0
http://paypalsupport.ga/webscr?cmd=login&w3bm=1,1
http://bit.ly/4gh2m5z,1
https://bbc.com/user/profile,0
https://www.wikipedia.org/contact,0
http://bankofamerica-0sy5.xyz/update-password,1
http://192.168.58.142/wellsfargo/login.php,1
https://docs.nytimes.com/contact,0
https://www.wikipedia.org,0
http://netflix-login-secure.com/verify/yf0d0,1
http://chase-login-secure.com/verify/w2r576vi,1
https://www.stackoverflow.com/about,0
http://secure-paypal-verify.tk/confirm?id=lfyo175,1
https://docs.microsoft.com/help/faq,0
https://www.github.com/blog/2024/update,0
https://docs.nytimes.com/blog/2024/update,0
http://facebook.com-account-update.info/signin,1
https://docs.spotify.com/search?q=example,0
http://apple.com-account-update.info/signin,1
http://secure-amazon-verify.tk/confirm?id=b7zw,1
http://bit.ly/6a4fejgxaa,1
https://adobe.com/docs/api,0
https://www.bbc.com/blog/2024/update,0
https://adobe.com/about,0
http://verify-bankofamerica-account.com/@ojf3c07bt/secure,1
https://www.microsoft.com/user/profile,0
http://192.168.142.38/amazon/login.php,1
https://www.google.com/user/profile,0
https://docs.dropbox.com/blog/2024/update,0
http://paypalsupport.tk/webscr?cmd=login&ef46r=1,1
https://www.stackoverflow.com/blog/2024/update,0
http://bankofamerica.com-account-update.info/signin,1
https://www.adobe.com,0
https://www.google.com/help/faq,0
https://docs.nytimes.com/products,0
https://www.netflix.com/products,0
http://paypal-in0by.xyz/update-password,1
https://www.github.com/blog/2024/update,0
http://verify-wellsfargo-account.com/@db103gw/secure,1
https://docs.github.com/products,0
https://www.adobe.com/contact,0
http://netflix.com-account-update.info/signin,1
http://facebook-login-secure.com/verify/78zwgdqbl,1
http://192.168.166.94/paypal/login.php,1
http://bit.ly/lgelw8ivi3,1
http://facebook-login-secure.com/verify/ckh3v10m1v,1
https://www.google.com/search?q=example,0
http://wellsfargosupport.ga/webscr?cmd=login&zapu=1,1
https://docs.stackoverflow.com/blog/2024/update,0
http://bit.ly/euranddept,1
http://secure-amazon-verify.tk/confirm?id=11ker,1
http://applesupport.top/webscr?cmd=login&d0rlex=1,1
https://www.github.com/products,0
https://www.dropbox.com/docs/api,0
http://secure-amazon-verify.tk/confirm?id=72btq8232,1
https://www.github.com/about,0
http://verify-facebook-account.com/@ertb74rs/secure,1
http://secure-apple-verify.tk/confirm?id=8cah,1
http://192.168.119.23/paypal/login.php,1
https://www.spotify.com/about,0
https://www.nytimes.com/products,0
http://192.168.107.49/netflix/login.php,1
http://verify-bankofamerica-account.com/@zg5wzawnyt/secure,1
https://www.google.com,0
https://microsoft.com,0
http://secure-facebook-verify.tk/confirm?id=j0va0st,1
http://apple-login-secure.com/verify/ijfzqafq,1
https://www.apple.com/products,0
http://bit.ly/of2nnkqe7a,1
http://amazon.com-account-update.info/signin,1
https://www.google.com,0
https://www.reddit.com,0
http://wellsfargo-login-secure.com/verify/wudkbu,1
https://www.adobe.com,0
https://docs.adobe.com/help/faq,0
http://bit.ly/5qafs4h,1
https://www.amazon.com/docs/api,0
https://docs.linkedin.com/about,0
https://docs.spotify.com/contact,0
https://adobe.com/blog/2024/update,0
https://wikipedia.org/products,0
http://facebooksupport.cf/webscr?cmd=login&g9ku8s63=1,1
http://facebook.com-account-update.info/signin,1
http://chase-login-secure.com/verify/187f8ts,1
https://github.com/blog/2024/update,0
http://chase-zh13.xyz/update-password,1
https://www.microsoft.com/contact,0
http://facebook.com-account-update.info/signin,1
http://192.168.69.153/paypal/login.php,1
http://secure-microsoft-verify.tk/confirm?id=u8m8,1
https://docs.google.com/search?q=example,0
https://www.netflix.com/products,0
https://www.spotify.com/products,0
https://nytimes.com/help/faq,0
https://www.adobe.com/blog/2024/update,0
http://192.168.134.74/wellsfargo/login.php,1
http://wellsfargo.com-account-update.info/signin,1
http://wellsfargo.com-account-update.info/signin,1
http://verify-bankofamerica-account.com/@cxhgn/secure,1
http://bit.ly/6oeuh8v,1
https://www.bbc.com/user/profile,0
https://spotify.com/search?q=example,0
http://verify-paypal-account.com/@ga24sm/secure,1
http://192.168.97.218/paypal/login.php,1
https://www.stackoverflow.com/user/profile,0
http://bankofamerica.com-account-update.info/signin,1
https://www.adobe.com/help/faq,0
https://www.nytimes.com,0
http://chase.com-account-update.info/signin,1
http://chase-mlvak9.xyz/update-password,1
http://secure-amazon-verify.tk/confirm?id=45nq,1
http://wellsfargosupport.click/webscr?cmd=login&45naypwlie=1,1
https://netflix.com/docs/api,0
http://instagram-login-secure.com/verify/4fvmypj2nn,1
http://secure-wellsfargo-verify.tk/confirm?id=q4d3kz,1
https://www.wikipedia.org,0
https://docs.google.com/search?q=example,0
http://bit.ly/svdazv4,1
http://chasesupport.tk/webscr?cmd=login&s832ejx5=1,1
http://netflix.com-account-update.info/signin,1
http://apple.com-account-update.info/signin,1
https://www.nytimes.com/blog/2024/update,0
http://192.168.199.72/bankofamerica/login.php,1
https://www.google.com/products,0
http://wellsfargosupport.ga/webscr?cmd=login&hl097fz=1,1
http://secure-wellsfargo-verify.tk/confirm?id=qovvi1y,1
https://www.github.com/products,0
https://docs.github.com/contact,0
https://docs.stackoverflow.com/docs/api,0
http://192.168.44.175/chase/login.php,1
http://facebook.com-account-update.info/signin,1
http://microsoft-login-secure.com/verify/j52oyyr2o,1
http://facebooksupport.tk/webscr?cmd=login&sdkv5=1,1
https://www.bbc.com,0
https://docs.dropbox.com/help/faq,0
http://instagram-wwp82qzt.xyz/update-password,1
http://192.168.14.42/apple/login.php,1
https://www.github.com/help/faq,0
http://facebook.com-account-update.info/signin,1
https://github.com/help/faq,0
https://www.linkedin.com/about,0
https://www.amazon.com/about,0
http://bit.ly/w8sj84t,1
https://www.apple.com/blog/2024/update,0
https://www.dropbox.com/help/faq,0
https://www.dropbox.com/search?q=example,0
https://docs.adobe.com,0
https://docs.adobe.com/blog/2024/update,0
https://www.linkedin.com/docs/api,0
https://google.com/about,0
https://www.dropbox.com/contact,0
http://verify-apple-account.com/@5umu/secure,1
http://192.168.61.130/wellsfargo/login.php,1
http://secure-facebook-verify.tk/confirm?id=wieb97pwd,1
http://chase-login-secure.com/verify/y2xdeyw1t,1
https://docs.microsoft.com/blog/2024/update,0
http://applesupport.ga/webscr?cmd=login&dd070e=1,1
https://docs.dropbox.com/products,0
https://www.adobe.com/docs/api,0
https://www.amazon.com/user/profile,0
https://docs.wikipedia.org,0
https://docs.github.com/help/faq,0
http://secure-instagram-verify.tk/confirm?id=d085,1
http://verify-microsoft-account.com/@utwxpiwhw/secure,1
http://verify-chase-account.com/@t0otgpeqc/secure,1
http://apple.com-account-update.info/signin,1
https://www.spotify.com/contact,0
https://docs.github.com/products,0
http://bankofamerica-login-secure.com/verify/xl68j0nme,1
http://verify-bankofamerica-account.com/@ur9u1o/secure,1
https://www.netflix.com/search?q=example,0
https://apple.com/docs/api,0
https://docs.amazon.com/help/faq,0
http://secure-apple-verify.tk/confirm?id=bec41,1
https://docs.stackoverflow.com/docs/api,0
http://192.168.207.201/microsoft/login.php,1
http://netflix-v4esdnai89.xyz/update-password,1
http://paypal.com-account-update.info/signin,1
http://chasesupport.ml/webscr?cmd=login&fq2bha=1,1
http://bit.ly/gp5cpa16k,1
https://docs.microsoft.com/products,0
https://www.bbc.com,0
https://www.amazon.com/blog/2024/update,0
https://docs.github.com/user/profile,0
https://docs.github.com/help/faq,0
https://www.spotify.com/user/profile,0
https://www.github.com/docs/api,0
https://docs.netflix.com/help/faq,0
https://linkedin.com/search?q=example,0
https://www.adobe.com/products,0
http://bit.ly/n8qtty5y,1
http://microsoftsupport.tk/webscr?cmd=login&u73nkbf=1,1
https://www.spotify.com/user/profile,0
https://docs.netflix.com,0
http://secure-apple-verify.tk/confirm?id=qpeov,1
http://bit.ly/hkbm00e9kd,1
https://www.github.com,0
http://microsoft.com-account-update.info/signin,1
https://docs.amazon.com/products,0
http://192.168.25.117/wellsfargo/login.php,1
https://www.linkedin.com/blog/2024/update,0
http://bit.ly/je0q0r,1
https://bbc.com/blog/2024/update,0
https://spotify.com/search?q=example,0
https://adobe.com/products,0
https://www.wikipedia.org/docs/api,0
http://secure-chase-verify.tk/confirm?id=0dl5,1
http://verify-microsoft-account.com/@xwce77gzdp/secure,1
https://www.netflix.com/contact,0
https://www.reddit.com/about,0
https://www.google.com/contact,0
http://amazon-login-secure.com/verify/jpr7vgrf1h,1
https://docs.linkedin.com/contact,0
https://www.linkedin.com/user/profile,0
http://wellsfargo-vhzjk.xyz/update-password,1
http://secure-instagram-verify.tk/confirm?id=vv8y5sic4,1
http://verify-microsoft-account.com/@erbyeawhm/secure,1
https://www.adobe.com/search?q=example,0
https://docs.dropbox.com/products,0
https://dropbox.com/help/faq,0
http://microsoft-axs88u.xyz/update-password,1
https://www.reddit.com/docs/api,0
http://192.168.126.104/wellsfargo/login.php,1
https://github.com/help/faq,0
https://docs.linkedin.com/docs/api,0
http://192.168.220.31/microsoft/login.php,1
https://www.amazon.com,0
http://bankofamericasupport.click/webscr?cmd=login&mqt788g35s=1,1
http://amazonsupport.tk/webscr?cmd=login&hztgbibf57=1,1
http://verify-amazon-account.com/@nl6dmjlx/secure,1
http://verify-microsoft-account.com/@2u5cfp37cd/secure,1
http://bankofamerica.com-account-update.info/signin,1
http://facebook-login-secure.com/verify/xslhu6l,1
https://netflix.com,0
https://github.com/blog/2024/update,0
https://www.dropbox.com/help/faq,0
https://docs.linkedin.com/blog/2024/update,0
http://verify-netflix-account.com/@ecbuqy/secure,1
https://docs.amazon.com/search?q=example,0
http://192.168.217.135/microsoft/login.php,1
http://facebook.com-account-update.info/signin,1
http://192.168.216.237/amazon/login.php,1
http://microsoft-txq53.xyz/update-password,1
http://192.168.83.30/microsoft/login.php,1
https://docs.stackoverflow.com/help/faq,0
http://facebooksupport.ga/webscr?cmd=login&muhxid=1,1
https://www.linkedin.com/search?q=example,0
https://www.adobe.com/user/profile,0
http://192.168.35.185/netflix/login.php,1
https://github.com/blog/2024/update,0
https://docs.google.com/contact,0
https://www.google.com/contact,0
https://www.spotify.com/blog/2024/update,0
http://chasesupport.click/webscr?cmd=login&4dilgonj=1,1
http://192.168.111.227/netflix/login.php,1
http://192.168.227.120/paypal/login.php,1
https://google.com/contact,0
http://192.168.204.164/paypal/login.php,1
http://secure-netflix-verify.tk/confirm?id=6haba3,1
http://apple-login-secure.com/verify/9gb9xv,1
http://chase.com-account-update.info/signin,1
https://adobe.com/docs/api,0
http://microsoftsupport.top/webscr?cmd=login&6cnoljq52=1,1
http://192.168.237.237/apple/login.php,1
http://bankofamerica-login-secure.com/verify/4xfri09,1
http://verify-instagram-account.com/@p2ex5t5p/secure,1
http://192.168.110.157/netflix/login.php,1
http://192.168.57.180/amazon/login.php,1
http://bit.ly/9ln1p0vu,1
https://www.adobe.com/products,0
https://www.github.com/products,0
https://google.com,0
http://verify-instagram-account.com/@42kqcfchao/secure,1
http://bit.ly/0qi2clp,1
https://nytimes.com/contact,0
https://docs.github.com,0
http://verify-facebook-account.com/@9iy4x/secure,1
http://chase-68sy7p1.xyz/update-password,1
https://www.bbc.com/contact,0
http://secure-bankofamerica-verify.tk/confirm?id=y0z4evldq,1
https://www.bbc.com/search?q=example,0
http://secure-amazon-verify.tk/confirm?id=k791zyrr,1
http://bit.ly/ppoau8,1
https://www.microsoft.com,0
http://bit.ly/vfgyw,1
http://verify-bankofamerica-account.com/@jlwss1vip/secure,1
http://secure-netflix-verify.tk/confirm?id=krajiaa,1
http://secure-netflix-verify.tk/confirm?id=kpj7h,1
http://amazon-mlgses6m0.xyz/update-password,1
https://www.nytimes.com/help/faq,0
https://docs.bbc.com/contact,0
http://verify-microsoft-account.com/@0hg9ncbekg/secure,1
http://bankofamericasupport.top/webscr?cmd=login&h41a=1,1
https://www.amazon.com/contact,0
http://applesupport.ml/webscr?cmd=login&gvskoi4s=1,1
https://docs.adobe.com,0
https://www.linkedin.com/help/faq,0
https://reddit.com/docs/api,0
http://netflixsupport.cf/webscr?cmd=login&d4y8=1,1
http://bit.ly/tuk1ooa3,1
https://microsoft.com/blog/2024/update,0
http://secure-facebook-verify.tk/confirm?id=ib5n2ej0,1
https://www.dropbox.com/search?q=example,0
https://www.amazon.com/help/faq,0
https://www.google.com/products,0
http://bit.ly/kfedlbgkbu,1
http://paypal-8rcp6i29.xyz/update-password,1
https://docs.github.com/docs/api,0
https://www.dropbox.com/user/profile,0
http://secure-netflix-verify.tk/confirm?id=vrp4rxm,1
https://docs.spotify.com/blog/2024/update,0
https://docs.apple.com/blog/2024/update,0
https://docs.amazon.com/search?q=example,0
http://wellsfargosupport.ga/webscr?cmd=login&5xqt4p50=1,1
http://secure-netflix-verify.tk/confirm?id=99w5,1
https://www.dropbox.com/user/profile,0
https://www.microsoft.com/help/faq,0
https://github.com/docs/api,0
http://bit.ly/pzlk,1
https://spotify.com/help/faq,0
http://amazon-93rv.xyz/update-password,1
https://www.github.com/help/faq,0
http://netflix.com-account-update.info/signin,1
http://secure-wellsfargo-verify.tk/confirm?id=zn9l3h,1
https://www.microsoft.com/blog/2024/update,0
https://www.google.com/search?q=example,0
https://www.spotify.com/help/faq,0
https://www.github.com/products,0
http://192.168.129.79/apple/login.php,1
http://verify-paypal-account.com/@umapqpp/secure,1
https://www.amazon.com,0
http://microsoft-n32u1iq2.xyz/update-password,1
http://secure-netflix-verify.tk/confirm?id=44m2e,1
https://spotify.com/search?q=example,0
https://www.netflix.com/docs/api,0
http://bit.ly/72w4oeb,1
https://docs.reddit.com/contact,0
http://facebook.com-account-update.info/signin,1
https://www.wikipedia.org/user/profile,0
http://bit.ly/8wru1,1
https://docs.microsoft.com/products,0
http://192.168.6.113/chase/login.php,1
http://chase-m1fb8c7x0h.xyz/update-password,1
http://bit.ly/lalq,1
http://secure-facebook-verify.tk/confirm?id=m2v31iqf,1
http://bit.ly/lgpj,1
http://bit.ly/qj5sx,1
http://192.168.50.218/apple/login.php,1
https://www.apple.com/user/profile,0
http://bit.ly/sa3idy,1
https://www.amazon.com/docs/api,0
http://192.168.91.46/apple/login.php,1
https://docs.microsoft.com/products,0
http://verify-wellsfargo-account.com/@bdx7m42o/secure,1
https://nytimes.com/user/profile,0
https://www.reddit.com,0
http://apple-7wxe6sylz.xyz/update-password,1
http://bit.ly/2pn4u6,1
http://facebook.com-account-update.info/signin,1
http://192.168.235.56/wellsfargo/login.php,1
http://bit.ly/5fbuotdh,1
http://verify-wellsfargo-account.com/@ehmiqp56a2/secure,1
http://bankofamericasupport.top/webscr?cmd=login&zzgni92ir=1,1
http://wellsfargosupport.click/webscr?cmd=login&e4dwz79hlt=1,1
http://microsoft.com-account-update.info/signin,1
http://microsoft.com-account-update.info/signin,1
https://www.linkedin.com/docs/api,0
https://www.linkedin.com/user/profile,0
http://bit.ly/3w3h,1
http://instagramsupport.ml/webscr?cmd=login&b0ufoj7=1,1
http://verify-netflix-account.com/@cyou25v/secure,1
http://secure-bankofamerica-verify.tk/confirm?id=hg6w3stt,1
http://192.168.47.7/bankofamerica/login.php,1
http://facebooksupport.click/webscr?cmd=login&qexuyh=1,1
https://www.google.com/blog/2024/update,0
http://bankofamerica.com-account-update.info/signin,1
http://netflix.com-account-update.info/signin,1
http://netflix.com-account-update.info/signin,1
http://secure-amazon-verify.tk/confirm?id=v16sh,1
https://www.github.com/contact,0
http://bit.ly/f4x13q,1
http://bit.ly/lydss5b08,1
https://docs.linkedin.com/contact,0
https://wikipedia.org/contact,0
https://docs.github.com,0
http://chase-login-secure.com/verify/qmc8fu,1
https://reddit.com/user/profile,0
http://paypal-login-secure.com/verify/ge9ny3m,1
https://docs.google.com/about,0
http://facebooksupport.ga/webscr?cmd=login&r5nbhgp=1,1
https://nytimes.com/docs/api,0
https://www.stackoverflow.com/contact,0
https://dropbox.com/search?q=example,0
http://paypal-gl2m.xyz/update-password,1
http://microsoftsupport.click/webscr?cmd=login&h8rq9nz6=1,1
http://chase-2q3fkeoub.xyz/update-password,1
http://microsoft.com-account-update.info/signin,1
https://www.github.com/blog/2024/update,0
https://dropbox.com/help/faq,0
http://facebook.com-account-update.info/signin,1
http://secure-chase-verify.tk/confirm?id=dtz91x70fq,1
https://stackoverflow.com/contact,0
https://docs.bbc.com/products,0
https://docs.bbc.com/blog/2024/update,0
http://facebook.com-account-update.info/signin,1
https://docs.microsoft.com/help/faq,0
https://google.com/about,0
http://microsoft-login-secure.com/verify/748av,1
http://192.168.138.15/chase/login.php,1
https://www.google.com/products,0
https://wikipedia.org/about,0
https://www.microsoft.com/search?q=example,0
http://192.168.255.175/chase/login.php,1
http://bankofamerica-login-secure.com/verify/8a9k,1
https://netflix.com/docs/api,0
http://bit.ly/h5ch3l,1
https://www.dropbox.com/products,0
https://www.nytimes.com/blog/2024/update,0
https://dropbox.com/search?q=example,0
https://www.microsoft.com/products,0
https://docs.amazon.com/help/faq,0
http://apple-bide6uitj.xyz/update-password,1
http://192.168.211.135/wellsfargo/login.php,1
https://www.apple.com/blog/2024/update,0
http://chase-login-secure.com/verify/q14mafm,1
http://facebook-login-secure.com/verify/6763v1m3pp,1
http://verify-apple-account.com/@daydw9f/secure,1
https://www.microsoft.com/blog/2024/update,0
http://paypal.com-account-update.info/signin,1
http://wellsfargosupport.cf/webscr?cmd=login&mvqwpqo2=1,1
http://amazon.com-account-update.info/signin,1
https://spotify.com/search?q=example,0
https://www.linkedin.com/user/profile,0
http://bit.ly/nu02wpjcf0,1
http://bit.ly/n1bt9wnjs,1
https://github.com/help/faq,0
http://chase.com-account-update.info/signin,1
https://docs.github.com/products,0
http://chasesupport.click/webscr?cmd=login&4kh2vlpy=1,1
http://verify-chase-account.com/@rim1y65r/secure,1
https://www.spotify.com/products,0
http://bit.ly/z9qj4v,1
http://secure-bankofamerica-verify.tk/confirm?id=35a0l7253j,1
http://bit.ly/e9w0,1
http://wellsfargo.com-account-update.info/signin,1
https://docs.stackoverflow.com/user/profile,0
http://verify-wellsfargo-account.com/@192v4dusge/secure,1
https://www.adobe.com/search?q=example,0
http://192.168.185.129/chase/login.php,1
https://reddit.com/help/faq,0
https://www.amazon.com,0
https://www.github.com/products,0
http://secure-instagram-verify.tk/confirm?id=zaa1eipi,1
https://www.dropbox.com/products,0
https://www.github.com/products,0
http://192.168.171.220/apple/login.php,1
https://amazon.com/products,0
https://docs.wikipedia.org/blog/2024/update,0
http://paypal.com-account-update.info/signin,1
http://chasesupport.cf/webscr?cmd=login&091pqfmpah=1,1
http://verify-facebook-account.com/@pymb5m9j9/secure,1
https://netflix.com/about,0
https://www.microsoft.com,0
http://bankofamerica.com-account-update.info/signin,1
https://docs.adobe.com/contact,0
http://paypal.com-account-update.info/signin,1
http://facebook.com-account-update.info/signin,1
http://bankofamerica.com-account-update.info/signin,1
https://www.spotify.com/search?q=example,0
http://verify-chase-account.com/@4rcb1kjtg/secure,1
http://verify-bankofamerica-account.com/@6xfwz/secure,1
http://microsoft-login-secure.com/verify/og0nq4i6r8,1
http://verify-amazon-account.com/@7f5oa31xyd/secure,1
https://docs.linkedin.com/contact,0
https://www.linkedin.com/about,0
http://secure-apple-verify.tk/confirm?id=86zchhx,1
https://docs.google.com/products,0
https://www.stackoverflow.com,0
http://secure-chase-verify.tk/confirm?id=upuy,1
http://192.168.203.122/chase/login.php,1
http://chase-kgtii.xyz/update-password,1
http://paypal.com-account-update.info/signin,1
http://verify-instagram-account.com/@p6hjb2j/secure,1
https://docs.stackoverflow.com/blog/2024/update,0
https://www.wikipedia.org/help/faq,0
https://docs.reddit.com/blog/2024/update,0
https://www.adobe.com/products,0
https://www.linkedin.com/docs/api,0
https://wikipedia.org/help/faq,0
http://chase.com-account-update.info/signin,1
https://www.bbc.com/search?q=example,0
https://docs.netflix.com/blog/2024/update,0
http://facebook.com-account-update.info/signin,1
https://www.bbc.com/search?q=example,0
http://192.168.111.102/netflix/login.php,1
https://www.apple.com/blog/2024/update,0
http://instagram-login-secure.com/verify/6sif6doh,1
http://instagram-login-secure.com/verify/1ektyr1k12,1
http://192.168.181.61/instagram/login.php,1
https://linkedin.com/user/profile,0
https://www.github.com,0
http://192.168.163.112/paypal/login.php,1
https://docs.spotify.com/help/faq,0
http://secure-microsoft-verify.tk/confirm?id=iobl7vjuz5,1
https://www.nytimes.com/help/faq,0
http://192.168.12.233/paypal/login.php,1
http://chasesupport.top/webscr?cmd=login&4gkww=1,1
http://secure-chase-verify.tk/confirm?id=yo2tla2,1
https://www.stackoverflow.com/docs/api,0
https://docs.bbc.com/products,0
https://www.adobe.com/blog/2024/update,0
https://spotify.com/user/profile,0
https://spotify.com/help/faq,0
http://chase.com-account-update.info/signin,1
http://microsoft-login-secure.com/verify/921vf,1
http://192.168.179.191/apple/login.php,1
https://dropbox.com/about,0
https://www.amazon.com/search?q=example,0
http://secure-facebook-verify.tk/confirm?id=e8dvn1x2g,1
https://netflix.com/help/faq,0
https://www.netflix.com/products,0
https://www.spotify.com/products,0
https://www.linkedin.com/about,0
http://192.168.214.136/apple/login.php,1
https://docs.linkedin.com/contact,0
http://192.168.250.70/chase/login.php,1
https://docs.wikipedia.org/products,0
http://wellsfargo.com-account-update.info/signin,1
https://nytimes.com,0
http://secure-paypal-verify.tk/confirm?id=rytivr,1
http://apple-lyt8w5rtwi.xyz/update-password,1
https://www.nytimes.com/about,0
https://wikipedia.org/blog/2024/update,0
http://secure-microsoft-verify.tk/confirm?id=bave,1
https://stackoverflow.com,0
https://www.netflix.com/contact,0
http://192.168.86.5/microsoft/login.php,1
https://www.stackoverflow.com/about,0
http://192.168.103.155/facebook/login.php,1
http://paypal-dusq.xyz/update-password,1
http://bankofamerica-9r1f63.xyz/update-password,1
http://paypal-login-secure.com/verify/q3k8a7rv4n,1
http://chase-yxdw2.xyz/update-password,1
https://www.reddit.com/search?q=example,0
https://docs.stackoverflow.com/blog/2024/update,0
https://www.adobe.com/about,0
https://stackoverflow.com/contact,0
http://verify-chase-account.com/@1dfsts/secure,1
http://chase-tnjlcqnt.xyz/update-password,1
http://chasesupport.cf/webscr?cmd=login&934t3y4=1,1
http://netflixsupport.cf/webscr?cmd=login&oehapm4yqz=1,1
http://netflix-lkqxlm5q.xyz/update-password,1
http://apple-jn6ocjpz.xyz/update-password,1
http://verify-amazon-account.com/@5b8u8h7/secure,1
https://www.wikipedia.org/blog/2024/update,0
https://www.adobe.com/contact,0
https://www.dropbox.com/blog/2024/update,0
https://www.reddit.com/search?q=example,0
https://docs.wikipedia.org/search?q=example,0
https://wikipedia.org/help/faq,0
http://amazon-login-secure.com/verify/9dv3uy5evs,1
http://bankofamerica-6fdhgzz0.xyz/update-password,1
https://www.linkedin.com/contact,0
https://bbc.com/docs/api,0
https://docs.netflix.com/products,0
http://wellsfargosupport.cf/webscr?cmd=login&ie3l=1,1
http://secure-amazon-verify.tk/confirm?id=0nphh3,1
http://chase.com-account-update.info/signin,1
https://wikipedia.org/products,0
https://reddit.com,0
https://nytimes.com/contact,0
http://192.168.213.14/microsoft/login.php,1
https://google.com/search?q=example,0
http://microsoft-i01rv1t.xyz/update-password,1
https://www.linkedin.com/blog/2024/update,0
https://www.linkedin.com/contact,0
https://linkedin.com,0
https://docs.github.com/help/faq,0
https://www.wikipedia.org/search?q=example,0
http://netflixsupport.ml/webscr?cmd=login&x34udc4=1,1
https://www.amazon.com/about,0
http://192.168.209.245/microsoft/login.php,1
http://wellsfargo.com-account-update.info/signin,1
http://apple-t3gn.xyz/update-password,1
https://docs.github.com/blog/2024/update,0
http://wellsfargo.com-account-update.info/signin,1
https://spotify.com/products,0
http://microsoft.com-account-update.info/signin,1
https://www.bbc.com,0
https://www.spotify.com/docs/api,0
https://docs.linkedin.com/products,0
https://docs.stackoverflow.com,0
http://bankofamerica.com-account-update.info/signin,1
http://paypal-login-secure.com/verify/ncxc,1
https://docs.netflix.com/help/faq,0
http://microsoft-kh7rt28p6u.xyz/update-password,1
http://bit.ly/y4vy3,1
https://docs.linkedin.com/docs/api,0
https://docs.apple.com/blog/2024/update,0
https://www.reddit.com/user/profile,0
https://www.apple.com/user/profile,0
https://docs.stackoverflow.com/user/profile,0
https://apple.com/search?q=example,0
https://docs.wikipedia.org/search?q=example,0
http://secure-amazon-verify.tk/confirm?id=74nl03l,1
https://www.wikipedia.org/docs/api,0
https://docs.linkedin.com/search?q=example,0
https://netflix.com/docs/api,0
http://paypal-081zqua.xyz/update-password,1
http://192.168.23.72/instagram/login.php,1
http://bit.ly/opo9mnl,1
https://linkedin.com/about,0
https://www.amazon.com/about,0
https://www.adobe.com/help/faq,0
http://apple-6ouwzk4i.xyz/update-password,1
https://www.stackoverflow.com/user/profile,0
http://bankofamerica.com-account-update.info/signin,1
http://bit.ly/7v12j21te,1
http://secure-wellsfargo-verify.tk/confirm?id=xyj38xrg,1
http://facebook-login-secure.com/verify/fmh07wph6,1
http://bit.ly/b8nmt3yp,1
http://secure-chase-verify.tk/confirm?id=tgdu,1
https://docs.bbc.com/user/profile,0
https://www.spotify.com/contact,0
http://paypal-login-secure.com/verify/n2lm1cbht9,1
http://instagram-login-secure.com/verify/s63umgt,1
http://verify-netflix-account.com/@enw34y/secure,1
http://instagram-eryyteag3.xyz/update-password,1
http://secure-wellsfargo-verify.tk/confirm?id=lhw4o,1
http://bankofamerica.com-account-update.info/signin,1
http://facebook-login-secure.com/verify/7c6s5nkb,1
http://bankofamerica-oqmk31rt.xyz/update-password,1
https://nytimes.com/about,0
http://192.168.4.245/netflix/login.php,1
https://stackoverflow.com/blog/2024/update,0
https://www.github.com/contact,0
http://192.168.190.178/paypal/login.php,1
http://192.168.209.128/chase/login.php,1
https://www.linkedin.com/about,0
https://www.bbc.com/docs/api,0
http://wellsfargosupport.ga/webscr?cmd=login&cvpuz11bjk=1,1
http://192.168.201.176/microsoft/login.php,1
http://instagram.com-account-update.info/signin,1
http://netflixsupport.ml/webscr?cmd=login&r5sosc0=1,1
http://bit.ly/0znsgwoc4,1
https://www.wikipedia.org/contact,0
http://bit.ly/8bgj5g1hog,1
http://secure-facebook-verify.tk/confirm?id=84a1x7ov,1
https://www.adobe.com/user/profile,0
https://docs.google.com/about,0
https://www.stackoverflow.com/user/profile,0
https://wikipedia.org/blog/2024/update,0
https://github.com,0
https://docs.stackoverflow.com/help/faq,0
http://192.168.95.60/facebook/login.php,1
http://applesupport.top/webscr?cmd=login&wl6qmg=1,1
http://verify-wellsfargo-account.com/@a1ccy/secure,1
http://bit.ly/n3w9,1
http://secure-apple-verify.tk/confirm?id=py8udq,1
http://secure-facebook-verify.tk/confirm?id=6zu1to,1
http://paypal-login-secure.com/verify/0spo3zd,1
https://www.adobe.com/search?q=example,0
http://bankofamerica-9or7.xyz/update-password,1
http://netflix-login-secure.com/verify/j4d0jmu3mo,1
http://facebooksupport.ga/webscr?cmd=login&ami0uz7x4=1,1
https://docs.spotify.com/products,0
http://microsoft-login-secure.com/verify/a2i7p80sd,1
https://microsoft.com/search?q=example,0
https://spotify.com/help/faq,0
http://facebook-login-secure.com/verify/zme9,1
http://instagram-login-secure.com/verify/7eeqt,1
http://amazon-login-secure.com/verify/brrd44nd,1
https://bbc.com/docs/api,0
http://bit.ly/2utbtty9,1
http://paypalsupport.click/webscr?cmd=login&3aipjiyl=1,1
https://www.adobe.com/help/faq,0
https://www.nytimes.com/docs/api,0
http://apple-zeedhhjs.xyz/update-password,1
http://secure-facebook-verify.tk/confirm?id=fqsx,1
https://www.nytimes.com/docs/api,0
https://www.spotify.com/contact,0
http://bankofamerica-ayqmgj96ze.xyz/update-password,1
https://www.netflix.com/contact,0
https://bbc.com/blog/2024/update,0
https://www.bbc.com/products,0
https://spotify.com/user/profile,0
https://docs.google.com/user/profile,0
https://linkedin.com/user/profile,0
https://docs.reddit.com/docs/api,0
http://amazon-2n2pn7itc.xyz/update-password,1
http://bankofamericasupport.cf/webscr?cmd=login&q4f1=1,1
http://bit.ly/537ye0qzsa,1
http://amazon-wv08hhxf.xyz/update-password,1
http://microsoft.com-account-update.info/signin,1
https://linkedin.com/help/faq,0
https://netflix.com,0
http://amazon.com-account-update.info/signin,1
http://chase.com-account-update.info/signin,1
https://github.com/search?q=example,0
http://facebook.com-account-update.info/signin,1
http://secure-paypal-verify.tk/confirm?id=g1j6oww5f,1
http://wellsfargosupport.tk/webscr?cmd=login&211pv58y9n=1,1
http://chasesupport.top/webscr?cmd=login&thowq1gaz=1,1
http://applesupport.tk/webscr?cmd=login&wwudq=1,1
http://wellsfargo-4sip4b8j4.xyz/update-password,1
https://docs.spotify.com/contact,0
http://paypalsupport.click/webscr?cmd=login&mzj22pmb=1,1
http://amazon.com-account-update.info/signin,1
http://apple.com-account-update.info/signin,1
https://www.linkedin.com/products,0
http://192.168.115.200/amazon/login.php,1
http://192.168.115.162/netflix/login.php,1
https://docs.spotify.com/contact,0
http://chase.com-account-update.info/signin,1
http://facebook-login-secure.com/verify/nv4kfq5dz5,1
https://www.adobe.com/blog/2024/update,0
https://www.netflix.com/user/profile,0
http://secure-amazon-verify.tk/confirm?id=9xpseim,1
http://apple-login-secure.com/verify/im28aqw,1
https://docs.nytimes.com/docs/api,0
http://verify-wellsfargo-account.com/@u6l2in/secure,1
https://wikipedia.org/docs/api,0
http://bit.ly/mkxi915,1
http://facebook.com-account-update.info/signin,1
https://docs.github.com/search?q=example,0
https://linkedin.com/products,0
https://www.nytimes.com/blog/2024/update,0
http://instagram-login-secure.com/verify/bxpspa,1
https://www.github.com/docs/api,0
https://docs.dropbox.com/search?q=example,0
http://bit.ly/w76xatoa,1
https://docs.reddit.com/user/profile,0
http://facebook-login-secure.com/verify/487k,1
https://www.amazon.com/contact,0
https://docs.nytimes.com/blog/2024/update,0
http://bit.ly/56nyxtx,1
https://www.adobe.com/products,0
https://docs.github.com/contact,0
https://www.stackoverflow.com/blog/2024/update,0
http://192.168.129.40/apple/login.php,1
http://secure-bankofamerica-verify.tk/confirm?id=o0eu2ci4e,1
http://bit.ly/xsf3l2n8i,1
https://docs.apple.com/help/faq,0
https://linkedin.com/help/faq,0
https://wikipedia.org/help/faq,0
https://docs.bbc.com/help/faq,0
https://www.bbc.com/contact,0
https://www.apple.com/help/faq,0
http://bankofamericasupport.ml/webscr?cmd=login&0t0pv=1,1
http://microsoft-login-secure.com/verify/f4nnkm9,1
https://docs.google.com,0
https://www.apple.com/search?q=example,0
https://reddit.com/user/profile,0
http://secure-netflix-verify.tk/confirm?id=z6m9bju,1
http://secure-instagram-verify.tk/confirm?id=p89fk,1
http://amazonsupport.cf/webscr?cmd=login&je1ilhao2=1,1
http://verify-facebook-account.com/@3dgs9gt0/secure,1
http://apple-wkxdmn.xyz/update-password,1
http://amazon-xnecrysau.xyz/update-password,1
http://chase-g0z0.xyz/update-password,1
https://docs.apple.com/blog/2024/update,0
https://reddit.com/products,0
https://docs.reddit.com/user/profile,0
http://bankofamericasupport.click/webscr?cmd=login&uy0ofipz=1,1
http://192.168.83.180/wellsfargo/login.php,1
http://chasesupport.cf/webscr?cmd=login&j98byte9af=1,1
https://www.reddit.com/about,0
https://www.bbc.com,0
https://www.apple.com/user/profile,0
https://docs.reddit.com/help/faq,0
https://www.nytimes.com/user/profile,0
https://docs.wikipedia.org/docs/api,0
https://docs.wikipedia.org/search?q=example,0
http://verify-microsoft-account.com/@snglh62c/secure,1
http://paypal.com-account-update.info/signin,1
http://wellsfargo.com-account-update.info/signin,1
http://netflix-qfghd.xyz/update-password,1
https://microsoft.com/docs/api,0
http://192.168.249.40/instagram/login.php,1
http://netflix.com-account-update.info/signin,1
http://amazonsupport.click/webscr?cmd=login&26gfxamhv1=1,1
http://bit.ly/ir1aj8x2,1
http://bit.ly/tcqr3,1
https://www.microsoft.com/user/profile,0
http://facebooksupport.ml/webscr?cmd=login&t2ybuh7j=1,1
http://verify-amazon-account.com/@zorqqfgv/secure,1
http://microsoft-login-secure.com/verify/aq3oklmc1,1
http://secure-instagram-verify.tk/confirm?id=mownx2,1
https://www.adobe.com/help/faq,0
http://bankofamerica-vjn2j6bv.xyz/update-password,1
https://www.apple.com/about,0
https://www.adobe.com,0
http://netflixsupport.top/webscr?cmd=login&p60iq=1,1
https://linkedin.com,0
http://verify-netflix-account.com/@d3u94sg/secure,1
https://www.spotify.com/contact,0
http://wellsfargo.com-account-update.info/signin,1
https://docs.apple.com/user/profile,0
https://nytimes.com/products,0
https://www.amazon.com/products,0
https://www.netflix.com/search?q=example,0
https://linkedin.com/products,0
http://verify-bankofamerica-account.com/@ez7bh25llo/secure,1
http://instagramsupport.tk/webscr?cmd=login&pj9wrdpl=1,1
https://www.adobe.com/docs/api,0
https://google.com/about,0
https://docs.bbc.com/contact,0
http://paypal-login-secure.com/verify/6tdv9rruhc,1
http://chasesupport.top/webscr?cmd=login&55h877mfcy=1,1
https://dropbox.com/docs/api,0
http://bit.ly/7fkc781hf,1
http://192.168.212.110/wellsfargo/login.php,1
http://facebook-a5ur7ko64.xyz/update-password,1
http://bit.ly/j2lzw,1
http://apple.com-account-update.info/signin,1
https://www.apple.com,0
http://bit.ly/yrvxoie,1
https://www.reddit.com/search?q=example,0
https://amazon.com/docs/api,0
https://wikipedia.org,0
https://www.wikipedia.org/about,0
http://instagramsupport.cf/webscr?cmd=login&vv0y9q6kt=1,1
http://bit.ly/f4v5i2,1
https://netflix.com/products,0
https://nytimes.com/products,0
http://verify-paypal-account.com/@aqkdm0/secure,1
https://www.dropbox.com/help/faq,0
http://verify-wellsfargo-account.com/@acj4t0se/secure,1
http://amazon.com-account-update.info/signin,1
https://reddit.com,0
https://docs.google.com/about,0
http://192.168.201.101/chase/login.php,1
https://www.dropbox.com/contact,0
http://microsoft.com-account-update.info/signin,1
https://microsoft.com/user/profile,0
https://docs.microsoft.com/search?q=example,0
https://www.microsoft.com/search?q=example,0
https://www.apple.com/contact,0
https://docs.nytimes.com/docs/api,0
https://www.microsoft.com/blog/2024/update,0
https://adobe.com,0
http://wellsfargo.com-account-update.info/signin,1
https://docs.wikipedia.org,0
http://netflix.com-account-update.info/signin,1
http://secure-apple-verify.tk/confirm?id=imbm271,1
http://facebook-c4rtwuz.xyz/update-password,1
http://verify-bankofamerica-account.com/@5gcl9l/secure,1
http://chase-login-secure.com/verify/4yc3s0d,1
https://www.dropbox.com/products,0
https://amazon.com/user/profile,0
http://netflixsupport.top/webscr?cmd=login&r2slrw4vn=1,1
https://www.dropbox.com/blog/2024/update,0
http://chasesupport.top/webscr?cmd=login&ggers=1,1
http://instagram-login-secure.com/verify/bqoivwqm9,1
https://www.apple.com/about,0
https://www.github.com/search?q=example,0
http://microsoft-login-secure.com/verify/pnsm43d8,1
http://192.168.22.51/facebook/login.php,1
https://github.com/blog/2024/update,0
https://www.adobe.com/help/faq,0
https://docs.linkedin.com/about,0
https://docs.nytimes.com/blog/2024/update,0
https://docs.nytimes.com/help/faq,0
http://verify-apple-account.com/@jhxptue/secure,1
http://secure-bankofamerica-verify.tk/confirm?id=awwjnn41,1
http://192.168.182.144/paypal/login.php,1
http://secure-netflix-verify.tk/confirm?id=tp5c,1
http://amazon-y93n0ajuf.xyz/update-password,1
https://www.stackoverflow.com/blog/2024/update,0
https://www.nytimes.com/search?q=example,0
https://docs.github.com/search?q=example,0
https://www.github.com/about,0
https://www.linkedin.com/help/faq,0
http://microsoft.com-account-update.info/signin,1
https://linkedin.com/user/profile,0
http://apple.com-account-update.info/signin,1
https://www.wikipedia.org/contact,0
http://wellsfargo-login-secure.com/verify/ntjvu2cgxu,1
https://www.google.com,0
https://dropbox.com/user/profile,0
https://www.linkedin.com/contact,0
https://www.adobe.com/contact,0
https://www.google.com,0
https://docs.github.com/search?q=example,0
https://docs.apple.com/blog/2024/update,0
https://netflix.com/products,0
http://verify-netflix-account.com/@wbqh5t/secure,1
https://google.com,0
https://docs.netflix.com/user/profile,0
https://github.com/docs/api,0
http://secure-amazon-verify.tk/confirm?id=nxz6ytip,1
https://www.stackoverflow.com/search?q=example,0
https://bbc.com/contact,0
http://verify-microsoft-account.com/@qiob0nlw0v/secure,1
http://bit.ly/yeurani8y6,1
https://docs.github.com,0
https://docs.nytimes.com/search?q=example,0
http://secure-amazon-verify.tk/confirm?id=jax57,1
http://bit.ly/b50atvz,1
http://bankofamerica-ysm8t2sa5.xyz/update-password,1
http://microsoft.com-account-update.info/signin,1
http://amazon.com-account-update.info/signin,1
http://facebook-icmnia2y7.xyz/update-password,1
http://192.168.242.198/facebook/login.php,1
http://amazon-login-secure.com/verify/p6mkt7,1
http://192.168.104.108/paypal/login.php,1
http://verify-apple-account.com/@yxyur4so/secure,1
https://www.amazon.com/docs/api,0
https://www.google.com/user/profile,0
http://facebook.com-account-update.info/signin,1
http://bankofamerica.com-account-update.info/signin,1
http://secure-chase-verify.tk/confirm?id=5fkp,1
http://secure-wellsfargo-verify.tk/confirm?id=9errye12o,1
http://secure-paypal-verify.tk/confirm?id=43olfark6o,1
http://verify-paypal-account.com/@gx25/secure,1
http://instagram-login-secure.com/verify/ye737fent,1
http://bit.ly/yqfy,1
https://reddit.com/contact,0
http://instagram.com-account-update.info/signin,1
https://docs.apple.com,0
http://paypal.com-account-update.info/signin,1
http://applesupport.top/webscr?cmd=login&casbuov6t=1,1
http://wellsfargo.com-account-update.info/signin,1
http://bit.ly/rk5r0pnf3,1
https://docs.bbc.com,0
http://192.168.5.225/paypal/login.php,1
https://www.stackoverflow.com/about,0
http://secure-facebook-verify.tk/confirm?id=01lc,1
http://apple.com-account-update.info/signin,1
https://stackoverflow.com,0
https://docs.apple.com/products,0
https://docs.bbc.com/about,0
http://bit.ly/6qc6k,1
http://microsoft.com-account-update.info/signin,1
http://192.168.141.22/amazon/login.php,1
http://apple-19bp0l7.xyz/update-password,1
https://www.microsoft.com/blog/2024/update,0
https://dropbox.com/products,0
http://secure-chase-verify.tk/confirm?id=o6cysvuhiw,1
http://instagram-login-secure.com/verify/tvly,1
https://dropbox.com/user/profile,0
http://secure-apple-verify.tk/confirm?id=itn5,1
http://wellsfargo-pmqk8.xyz/update-password,1
https://www.nytimes.com/user/profile,0
https://docs.github.com/user/profile,0
http://verify-apple-account.com/@7wkr/secure,1
https://docs.github.com/help/faq,0
http://apple.com-account-update.info/signin,1
https://netflix.com/help/faq,0
https://www.spotify.com/search?q=example,0
http://verify-chase-account.com/@rdnpx2i9/secure,1
https://bbc.com/products,0
https://docs.google.com/help/faq,0
https://docs.linkedin.com/products,0
https://bbc.com/about,0
http://apple-05jh2.xyz/update-password,1
https://www.google.com/docs/api,0
http://netflix-login-secure.com/verify/33993n4bf,1
http://wellsfargo-ycif.xyz/update-password,1
http://facebook.com-account-update.info/signin,1
https://docs.apple.com/help/faq,0
https://www.bbc.com/help/faq,0
http://chase.com-account-update.info/signin,1
https://www.microsoft.com/search?q=example,0
https://docs.nytimes.com,0
http://netflix-login-secure.com/verify/67kbq,1
https://reddit.com,0
http://chase-g1011h.xyz/update-password,1
https://www.adobe.com/contact,0
https://www.spotify.com/contact,0
http://bit.ly/tmqlizl08,1
https://www.github.com,0
http://bit.ly/5psz,1
https://www.netflix.com/search?q=example,0
https://www.bbc.com/contact,0
http://verify-chase-account.com/@7savzebu/secure,1
https://docs.wikipedia.org/blog/2024/update,0
https://bbc.com/contact,0
http://192.168.128.101/netflix/login.php,1
http://192.168.50.23/facebook/login.php,1
http://amazon-login-secure.com/verify/chzjq,1
https://www.dropbox.com/about,0
https://google.com/user/profile,0
https://www.nytimes.com/about,0
https://docs.apple.com/blog/2024/update,0
http://verify-amazon-account.com/@lh22be4n25/secure,1
https://www.reddit.com/about,0
http://wellsfargo-6guo8i5.xyz/update-password,1
http://bankofamericasupport.ga/webscr?cmd=login&mmen4052w=1,1
https://linkedin.com/blog/2024/update,0
https://www.linkedin.com/docs/api,0
https://docs.adobe.com/contact,0
http://verify-bankofamerica-account.com/@kw7bzy/secure,1
https://www.apple.com/search?q=example,0
http://verify-apple-account.com/@2q6jxn/secure,1
http://secure-amazon-verify.tk/confirm?id=rst3ta195,1
http://facebooksupport.cf/webscr?cmd=login&z552z=1,1
https://www.adobe.com,0
https://www.spotify.com/blog/2024/update,0
http://secure-microsoft-verify.tk/confirm?id=jexq7,1
https://stackoverflow.com/docs/api,0
https://docs.google.com/search?q=example,0
http://bankofamericasupport.ga/webscr?cmd=login&85d4f=1,1
http://instagram.com-account-update.info/signin,1
http://apple-pesbda7xfi.xyz/update-password,1
https://docs.amazon.com,0
https://wikipedia.org/search?q=example,0
http://secure-instagram-verify.tk/confirm?id=emcikp,1
https://dropbox.com/blog/2024/update,0
http://192.168.114.107/facebook/login.php,1
http://chasesupport.ga/webscr?cmd=login&kz5s=1,1
http://bit.ly/uw7wr0r3,1
https://www.apple.com/docs/api,0
http://192.168.243.100/facebook/login.php,1
http://secure-bankofamerica-verify.tk/confirm?id=l9fwvvskp3,1
https://docs.spotify.com/user/profile,0
http://amazon-qql7ph6p.xyz/update-password,1
https://github.com/user/profile,0
https://www.reddit.com/blog/2024/update,0
https://spotify.com/help/faq,0
http://microsoft-x4sn6sm5.xyz/update-password,1
https://docs.stackoverflow.com/contact,0
https://bbc.com/search?q=example,0
https://www.linkedin.com/user/profile,0
http://chase-8siwm.xyz/update-password,1
https://www.dropbox.com/blog/2024/update,0
http://apple-pxnf7c.xyz/update-password,1
http://verify-paypal-account.com/@h7u0s3/secure,1
http://secure-paypal-verify.tk/confirm?id=yaxzrb188,1
https://docs.apple.com/docs/api,0
http://bit.ly/8il3fb9w1q,1
http://facebook.com-account-update.info/signin,1
http://chasesupport.click/webscr?cmd=login&jpf2=1,1
https://www.google.com/about,0
http://amazonsupport.cf/webscr?cmd=login&g0atc=1,1
https://www.wikipedia.org/search?q=example,0
https://www.reddit.com/docs/api,0
http://secure-paypal-verify.tk/confirm?id=hygtmov,1
https://www.amazon.com,0
http://apple-login-secure.com/verify/g8jdp0,1
https://www.netflix.com/products,0
http://instagram-login-secure.com/verify/6yriadd,1
https://www.dropbox.com/about,0
https://docs.amazon.com/docs/api,0
http://instagram-4jxa2y.xyz/update-password,1
https://docs.stackoverflow.com/about,0
http://192.168.139.184/instagram/login.php,1
http://secure-microsoft-verify.tk/confirm?id=b9upeppol,1
http://verify-paypal-account.com/@xd7itqrt8/secure,1
http://secure-apple-verify.tk/confirm?id=yejhdzxq3,1
https://www.dropbox.com/search?q=example,0
https://www.google.com/products,0
http://amazon.com-account-update.info/signin,1
http://secure-microsoft-verify.tk/confirm?id=u6k7p9,1
https://www.github.com/contact,0
http://verify-wellsfargo-account.com/@p8guucm5/secure,1
http://microsoftsupport.cf/webscr?cmd=login&c7giu=1,1
http://paypal.com-account-update.info/signin,1
http://applesupport.tk/webscr?cmd=login&qdfq2yg=1,1
https://docs.bbc.com/help/faq,0
http://192.168.178.4/bankofamerica/login.php,1
http://secure-bankofamerica-verify.tk/confirm?id=03yio,1
https://www.bbc.com/products,0
https://bbc.com/search?q=example,0
https://docs.stackoverflow.com/blog/2024/update,0
http://verify-microsoft-account.com/@znzmc/secure,1
https://www.adobe.com/search?q=example,0
http://facebook.com-account-update.info/signin,1
http://192.168.160.180/netflix/login.php,1
http://paypalsupport.ml/webscr?cmd=login&4lit6=1,1
http://192.168.22.3/paypal/login.php,1
https://reddit.com/search?q=example,0
https://www.google.com/user/profile,0
https://www.google.com/docs/api,0
https://reddit.com/contact,0
https://www.adobe.com/help/faq,0
https://www.amazon.com/products,0
http://bit.ly/zmuf,1
https://docs.google.com/search?q=example,0
http://paypalsupport.ml/webscr?cmd=login&np84dyt9m=1,1
http://apple-login-secure.com/verify/icvwv8l,1
https://www.spotify.com/user/profile,0
http://bit.ly/wcr8b97,1
https://www.apple.com/help/faq,0
https://amazon.com/blog/2024/update,0
https://www.reddit.com/blog/2024/update,0
http://applesupport.ml/webscr?cmd=login&6wo7v1iz4j=1,1
http://192.168.154.123/amazon/login.php,1
http://paypalsupport.ga/webscr?cmd=login&zirjyz8xuk=1,1
http://verify-instagram-account.com/@b0515f9/secure,1
http://bit.ly/3dym,1
http://192.168.121.26/apple/login.php,1
https://www.microsoft.com/products,0
https://google.com/blog/2024/update,0
http://192.168.26.246/netflix/login.php,1
http://facebooksupport.ml/webscr?cmd=login&d9k9tr74=1,1
https://docs.netflix.com,0
http://wellsfargo-yme6psr.xyz/update-password,1
https://www.dropbox.com/user/profile,0
http://secure-microsoft-verify.tk/confirm?id=wx0t,1
https://docs.amazon.com/help/faq,0
http://amazonsupport.ga/webscr?cmd=login&inh1k50=1,1
http://bankofamerica-login-secure.com/verify/eejgbjxg,1
https://www.nytimes.com/products,0
https://docs.netflix.com/about,0
http://apple-lndcmb4b.xyz/update-password,1
http://secure-facebook-verify.tk/confirm?id=k4sha,1
https://docs.bbc.com/about,0
http://netflix-3jsty8767.xyz/update-password,1
https://www.spotify.com/user/profile,0
http://bit.ly/i7e1dd,1
http://192.168.90.57/instagram/login.php,1
http://bit.ly/qz05,1
https://www.netflix.com/help/faq,0
https://docs.google.com/blog/2024/update,0
http://secure-paypal-verify.tk/confirm?id=1361bgm,1
http://paypalsupport.tk/webscr?cmd=login&3i4fieecy=1,1
http://192.168.34.223/apple/login.php,1
http://secure-amazon-verify.tk/confirm?id=duwtn5,1
http://192.168.189.110/facebook/login.php,1
http://apple-login-secure.com/verify/w2pcn,1
https://google.com/docs/api,0
http://chase-qgvzhq.xyz/update-password,1
https://www.bbc.com/blog/2024/update,0
http://bit.ly/r2c23ag9,1
http://verify-microsoft-account.com/@962e52k20/secure,1
https://adobe.com/docs/api,0
http://bit.ly/sss7kn18,1
https://www.adobe.com/user/profile,0
https://www.wikipedia.org/contact,0
https://github.com/products,0
http://amazon.com-account-update.info/signin,1
https://docs.wikipedia.org/blog/2024/update,0
https://www.spotify.com/docs/api,0
http://wellsfargosupport.top/webscr?cmd=login&p3lyex3sr5=1,1
https://github.com/search?q=example,0
https://www.wikipedia.org/contact,0
http://192.168.122.120/instagram/login.php,1
http://verify-apple-account.com/@av2osg/secure,1
http://secure-netflix-verify.tk/confirm?id=0rs210q2l,1
http://verify-apple-account.com/@6mzsgippsf/secure,1
http://verify-microsoft-account.com/@l65ujg1s/secure,1
https://www.adobe.com/about,0
http://verify-amazon-account.com/@9c59e7f18/secure,1
https://dropbox.com/about,0
https://bbc.com/search?q=example,0
http://facebooksupport.top/webscr?cmd=login&aymh0it4=1,1
https://docs.linkedin.com/products,0
http://bit.ly/gqpq8r4hc7,1
https://apple.com/docs/api,0
http://bit.ly/g8b2z,1
https://www.stackoverflow.com/docs/api,0
https://bbc.com/user/profile,0
http://verify-apple-account.com/@21o0z5qru/secure,1
https://www.microsoft.com/help/faq,0
https://www.reddit.com/about,0
http://bit.ly/01zderi4k5,1
https://www.netflix.com/docs/api,0
https://stackoverflow.com/docs/api,0
https://www.netflix.com/docs/api,0
https://www.apple.com/blog/2024/update,0
http://verify-facebook-account.com/@shkoecub/secure,1
http://secure-amazon-verify.tk/confirm?id=m3sgur,1
https://www.microsoft.com/docs/api,0
https://docs.google.com/user/profile,0
https://www.bbc.com/about,0
https://www.apple.com/products,0
https://docs.reddit.com/contact,0
http://amazonsupport.cf/webscr?cmd=login&swnwzf8y7p=1,1
http://192.168.178.124/instagram/login.php,1
http://paypal-54hbph1.xyz/update-password,1
https://www.apple.com/help/faq,0
https://docs.bbc.com/help/faq,0
http://192.168.192.41/bankofamerica/login.php,1
https://www.bbc.com/about,0
https://dropbox.com/docs/api,0
http://amazon.com-account-update.info/signin,1
http://amazonsupport.ga/webscr?cmd=login&h4oulyo3=1,1
http://amazon-vbkavxsoa8.xyz/update-password,1
https://www.spotify.com/search?q=example,0
https://docs.reddit.com,0
https://wikipedia.org/products,0
http://amazon-xurgowy.xyz/update-password,1
https://bbc.com/blog/2024/update,0
http://apple-login-secure.com/verify/okvg0,1
http://amazonsupport.cf/webscr?cmd=login&r2aj5iqax=1,1
https://docs.wikipedia.org/user/profile,0
https://www.github.com/help/faq,0
https://spotify.com,0
https://spotify.com/search?q=example,0
https://linkedin.com,0
https://docs.wikipedia.org/search?q=example,0
http://microsoftsupport.cf/webscr?cmd=login&25len606n9=1,1
http://192.168.106.58/amazon/login.php,1
https://www.adobe.com,0
https://linkedin.com/search?q=example,0
https://www.linkedin.com/about,0
https://www.adobe.com/help/faq,0
https://www.reddit.com/blog/2024/update,0
https://www.nytimes.com/products,0
https://wikipedia.org/about,0
https://google.com/user/profile,0
http://paypal-login-secure.com/verify/guzroc5xt,1
http://secure-wellsfargo-verify.tk/confirm?id=se0kivwm,1
https://docs.nytimes.com/about,0
https://www.stackoverflow.com/docs/api,0
http://microsoftsupport.ml/webscr?cmd=login&hzx9f=1,1
http://verify-facebook-account.com/@kizzqy7/secure,1
http://bit.ly/dmo8rc64,1
http://microsoft.com-account-update.info/signin,1
http://bit.ly/kyry,1
http://bankofamerica-login-secure.com/verify/spk9p38,1
https://docs.reddit.com/user/profile,0
http://bit.ly/n7kbnkfvd,1
http://apple-login-secure.com/verify/gorcpa,1
https://www.adobe.com/products,0
https://www.amazon.com/docs/api,0
https://dropbox.com/about,0
http://bankofamerica-bfe54.xyz/update-password,1
https://www.stackoverflow.com/about,0
https://docs.amazon.com/user/profile,0
https://www.microsoft.com/contact,0
http://wellsfargo-5biofu2ncu.xyz/update-password,1
https://www.stackoverflow.com/search?q=example,0
http://bankofamericasupport.ga/webscr?cmd=login&sojuv0gyu=1,1
https://docs.github.com/contact,0
https://docs.linkedin.com/blog/2024/update,0
https://google.com,0
http://netflixsupport.tk/webscr?cmd=login&wt258e7=1,1
http://paypal-login-secure.com/verify/twtw4,1
http://facebook-login-secure.com/verify/4n1w3er70u,1
http://wellsfargo.com-account-update.info/signin,1
https://www.adobe.com/contact,0
https://docs.wikipedia.org/about,0
http://applesupport.top/webscr?cmd=login&1b7pxjb=1,1
https://linkedin.com/user/profile,0
https://www.amazon.com/contact,0
https://microsoft.com,0
http://verify-paypal-account.com/@n417vf0jqq/secure,1
https://www.microsoft.com/blog/2024/update,0
http://wellsfargo-b2ja2lp.xyz/update-password,1
http://chase-login-secure.com/verify/mfrq8lx3p7,1
https://www.spotify.com/contact,0
http://instagramsupport.tk/webscr?cmd=login&xkv4vt=1,1
http://microsoft-login-secure.com/verify/k20in,1
http://192.168.28.99/amazon/login.php,1
https://www.github.com/user/profile,0
https://adobe.com/contact,0
http://192.168.120.106/netflix/login.php,1
http://applesupport.cf/webscr?cmd=login&e1v2i=1,1
http://secure-paypal-verify.tk/confirm?id=j9uu2,1
http://192.168.162.206/apple/login.php,1
http://bit.ly/rrbefq56q,1
https://netflix.com/help/faq,0
http://bit.ly/i7k8,1
https://netflix.com/about,0
http://paypalsupport.click/webscr?cmd=login&ds83=1,1
http://bit.ly/w9b0mqoq,1
https://www.netflix.com/help/faq,0
https://google.com,0
https://www.amazon.com/blog/2024/update,0
https://reddit.com/products,0
http://bankofamerica-tj6ac4j.xyz/update-password,1
https://www.nytimes.com/docs/api,0
http://192.168.108.141/bankofamerica/login.php,1
https://docs.apple.com/products,0
https://amazon.com/about,0
https://www.apple.com/docs/api,0
https://docs.nytimes.com/user/profile,0
http://bit.ly/j7ovhm,1
http://facebook-xuwco.xyz/update-password,1
http://bankofamericasupport.ga/webscr?cmd=login&ppzje6xg54=1,1
https://www.github.com,0
http://instagram-login-secure.com/verify/35yrw,1
http://secure-instagram-verify.tk/confirm?id=uzb7kr0,1
https://www.wikipedia.org/blog/2024/update,0
https://www.netflix.com/blog/2024/update,0
http://microsoft-ociild.xyz/update-password,1
https://docs.netflix.com/search?q=example,0
https://www.stackoverflow.com/docs/api,0
http://wellsfargo.com-account-update.info/signin,1
https://docs.nytimes.com/products,0
http://amazonsupport.click/webscr?cmd=login&xtr5igzgxo=1,1
https://google.com/products,0
http://amazon.com-account-update.info/signin,1
http://bankofamerica.com-account-update.info/signin,1
https://adobe.com/about,0
https://docs.dropbox.com/contact,0
https://www.adobe.com,0
https://www.github.com/docs/api,0
http://verify-amazon-account.com/@7k99bv/secure,1
https://stackoverflow.com,0
https://reddit.com/user/profile,0
http://secure-wellsfargo-verify.tk/confirm?id=95g3v23g,1
https://docs.bbc.com/search?q=example,0
http://192.168.93.177/wellsfargo/login.php,1
https://docs.nytimes.com/contact,0
https://www.adobe.com/products,0
https://docs.nytimes.com/about,0
http://instagram-zfk8ut0cv.xyz/update-password,1
http://paypalsupport.top/webscr?cmd=login&vp1eoxlzk=1,1
https://wikipedia.org/blog/2024/update,0
http://bankofamerica-login-secure.com/verify/w1gxhg4,1
http://applesupport.ga/webscr?cmd=login&j60fk=1,1
http://microsoft-344mw04i3d.xyz/update-password,1
http://secure-apple-verify.tk/confirm?id=8jqbo8,1
https://netflix.com/products,0
https://stackoverflow.com/help/faq,0
http://netflixsupport.top/webscr?cmd=login&gwey=1,1
http://verify-microsoft-account.com/@7qhv/secure,1
http://instagram-usme.xyz/update-password,1
https://docs.microsoft.com/search?q=example,0
https://reddit.com/about,0
http://secure-facebook-verify.tk/confirm?id=7f0i,1
http://amazon-7ha752a97p.xyz/update-password,1
https://netflix.com,0
http://192.168.4.229/wellsfargo/login.php,1
https://docs.linkedin.com,0
http://facebook-login-secure.com/verify/na31,1
http://bankofamerica.com-account-update.info/signin,1
https://www.github.com/help/faq,0
https://www.dropbox.com/products,0
https://www.amazon.com/contact,0
http://verify-paypal-account.com/@6gs8g8/secure,1
https://www.apple.com/help/faq,0
https://www.reddit.com/docs/api,0
https://docs.linkedin.com/products,0
https://linkedin.com/help/faq,0
https://www.github.com/contact,0
http://instagram-zwd0w.xyz/update-password,1
http://verify-paypal-account.com/@ndtqy/secure,1
https://www.linkedin.com/products,0
https://www.bbc.com/search?q=example,0
http://microsoftsupport.ml/webscr?cmd=login&yr06nk=1,1
http://192.168.193.225/chase/login.php,1
http://paypal-login-secure.com/verify/d2eev7in,1
https://docs.spotify.com/docs/api,0
http://bankofamericasupport.cf/webscr?cmd=login&v2a2t34df=1,1
http://bankofamerica-login-secure.com/verify/07gbasf5,1
http://192.168.12.131/netflix/login.php,1
https://www.nytimes.com/user/profile,0
http://bankofamerica-13iw.xyz/update-password,1
http://paypal-login-secure.com/verify/6lkc86y5o4,1
https://stackoverflow.com/contact,0
http://amazon.com-account-update.info/signin,1
https://www.microsoft.com/search?q=example,0
http://bankofamericasupport.ml/webscr?cmd=login&gdtgcg8=1,1
http://secure-amazon-verify.tk/confirm?id=vddwv,1
https://docs.amazon.com/products,0
http://verify-chase-account.com/@1fs324/secure,1
https://www.amazon.com/docs/api,0
http://facebook.com-account-update.info/signin,1
https://docs.stackoverflow.com/products,0
https://bbc.com,0
http://bit.ly/9c2bvs3k3,1
https://docs.amazon.com/products,0
http://facebook.com-account-update.info/signin,1
https://www.bbc.com/blog/2024/update,0
http://bit.ly/aul62cf4,1
https://docs.netflix.com/about,0
http://paypalsupport.tk/webscr?cmd=login&vcz8p=1,1
https://linkedin.com/help/faq,0
http://microsoft-by49e7eo.xyz/update-password,1
http://applesupport.tk/webscr?cmd=login&aly8ozcy=1,1
http://netflix.com-account-update.info/signin,1
https://docs.reddit.com/about,0
http://facebook-login-secure.com/verify/e5rau,1
https://docs.nytimes.com/search?q=example,0
https://github.com/search?q=example,0
http://verify-microsoft-account.com/@6yjm/secure,1
https://spotify.com/blog/2024/update,0
https://wikipedia.org/docs/api,0
https://apple.com/user/profile,0
https://spotify.com/about,0
https://wikipedia.org/help/faq,0
http://paypal.com-account-update.info/signin,1
https://netflix.com/about,0
http://secure-bankofamerica-verify.tk/confirm?id=g8pj,1
https://www.linkedin.com/products,0
https://www.dropbox.com/help/faq,0
http://bit.ly/vork1djrw,1
https://www.dropbox.com/blog/2024/update,0
http://netflixsupport.top/webscr?cmd=login&v1xg1=1,1
https://www.wikipedia.org/help/faq,0
http://secure-chase-verify.tk/confirm?id=uxf1x889u9,1
http://chase-login-secure.com/verify/trbad3wr,1
https://docs.amazon.com/user/profile,0
https://docs.nytimes.com/blog/2024/update,0
http://applesupport.ml/webscr?cmd=login&7l0rcti8f=1,1
http://192.168.70.235/chase/login.php,1
https://dropbox.com/user/profile,0
http://facebook-bhh5ol5u7.xyz/update-password,1
https://spotify.com,0
http://instagram.com-account-update.info/signin,1
http://192.168.11.56/instagram/login.php,1
http://bit.ly/uidc0,1
https://apple.com/user/profile,0
http://facebooksupport.top/webscr?cmd=login&vffkvzs=1,1
https://www.google.com/docs/api,0
https://reddit.com/products,0
https://docs.linkedin.com/products,0
http://verify-facebook-account.com/@f1vvwus/secure,1
http://facebook.com-account-update.info/signin,1
http://apple-rc4r6s3.xyz/update-password,1
https://www.nytimes.com/search?q=example,0
http://192.168.23.48/chase/login.php,1
https://www.amazon.com/contact,0
https://www.reddit.com/about,0
https://www.google.com/search?q=example,0
https://spotify.com,0
https://github.com/contact,0
https://www.google.com/user/profile,0
https://google.com/blog/2024/update,0
http://instagram.com-account-update.info/signin,1
https://www.stackoverflow.com/about,0
http://verify-bankofamerica-account.com/@8rtig7z/secure,1
https://docs.wikipedia.org,0
http://verify-apple-account.com/@cjtr0m6hz/secure,1
http://192.168.106.82/netflix/login.php,1
https://docs.amazon.com/docs/api,0
http://secure-facebook-verify.tk/confirm?id=kx49,1
https://docs.linkedin.com/help/faq,0
http://secure-netflix-verify.tk/confirm?id=3sm642pw,1
http://bankofamericasupport.ml/webscr?cmd=login&axf5x=1,1
http://192.168.65.50/microsoft/login.php,1
https://www.spotify.com,0
https://docs.linkedin.com/about,0
https://docs.stackoverflow.com/user/profile,0
http://bankofamerica.com-account-update.info/signin,1
http://verify-netflix-account.com/@7ev4dh9/secure,1
https://docs.linkedin.com/docs/api,0
https://www.amazon.com/blog/2024/update,0
http://netflix-login-secure.com/verify/i1rd5,1
http://verify-facebook-account.com/@jyzxf/secure,1
http://wellsfargosupport.tk/webscr?cmd=login&rbw2zlaoi=1,1
https://adobe.com/user/profile,0
http://microsoft-gwds9yxz.xyz/update-password,1
http://chase.com-account-update.info/signin,1
http://facebook.com-account-update.info/signin,1
http://bit.ly/4xekz83y02,1
https://docs.reddit.com/about,0
https://www.bbc.com/help/faq,0
http://netflix.com-account-update.info/signin,1
https://docs.wikipedia.org/about,0
http://microsoftsupport.top/webscr?cmd=login&kfaz=1,1
https://github.com/search?q=example,0
http://apple-7vgp52.xyz/update-password,1
http://bankofamericasupport.tk/webscr?cmd=login&ehuiqs=1,1
http://netflix-login-secure.com/verify/cpztc69q,1
https://reddit.com/search?q=example,0
https://www.nytimes.com/blog/2024/update,0
https://docs.microsoft.com/about,0
https://docs.wikipedia.org,0
http://192.168.57.156/bankofamerica/login.php,1
http://netflix.com-account-update.info/signin,1
http://verify-apple-account.com/@a1l526rqgk/secure,1
https://reddit.com/products,0
http://verify-chase-account.com/@lp7dfjcp0t/secure,1
https://www.adobe.com/docs/api,0
http://amazon-lqll.xyz/update-password,1
https://www.microsoft.com,0
http://wellsfargosupport.top/webscr?cmd=login&c2k9yki=1,1
https://docs.spotify.com/blog/2024/update,0
https://docs.dropbox.com/contact,0
http://verify-amazon-account.com/@qmjcento/secure,1
https://docs.microsoft.com/products,0
https://www.microsoft.com/products,0
http://192.168.126.204/apple/login.php,1
https://docs.github.com/about,0
https://docs.google.com/help/faq,0
http://verify-apple-account.com/@yypq7a4fr/secure,1
http://microsoft-login-secure.com/verify/6twd1xmxb,1
http://bit.ly/f9w5,1
http://secure-facebook-verify.tk/confirm?id=bm92,1
http://192.168.78.51/facebook/login.php,1
https://netflix.com/search?q=example,0
http://bankofamericasupport.click/webscr?cmd=login&iwkesv=1,1
https://www.netflix.com/contact,0
https://netflix.com,0
https://docs.google.com/help/faq,0
https://docs.github.com/about,0
http://192.168.203.210/bankofamerica/login.php,1
http://apple-zp6lfew.xyz/update-password,1
http://instagram.com-account-update.info/signin,1
http://192.168.186.35/instagram/login.php,1
https://docs.stackoverflow.com,0
http://facebook-login-secure.com/verify/haoqhvd8fb,1
https://www.linkedin.com/help/faq,0
https://docs.microsoft.com/about,0
https://www.wikipedia.org/user/profile,0
http://applesupport.ml/webscr?cmd=login&v2a6pg=1,1
https://bbc.com/contact,0
http://bit.ly/0bct3,1
http://amazon-zx8yx.xyz/update-password,1
https://apple.com/blog/2024/update,0
https://microsoft.com/user/profile,0
http://instagram-1uv9.xyz/update-password,1
http://bit.ly/iro7yy0k,1
http://bit.ly/67u61,1
http://verify-amazon-account.com/@38p6f/secure,1
http://192.168.239.57/wellsfargo/login.php,1
https://docs.dropbox.com,0
http://apple-login-secure.com/verify/45ry27v,1
https://docs.dropbox.com/products,0
https://docs.spotify.com/blog/2024/update,0
http://bit.ly/3fuqv,1
http://paypalsupport.click/webscr?cmd=login&ojaxnhr=1,1
http://bit.ly/z01sosr2,1
https://github.com/user/profile,0
http://microsoft-fjdtvv2y4x.xyz/update-password,1
http://secure-amazon-verify.tk/confirm?id=e1kwon,1
http://verify-chase-account.com/@v2kjh/secure,1
https://www.nytimes.com/products,0
https://www.spotify.com/user/profile,0
http://bankofamerica-nulqjidknw.xyz/update-password,1
https://www.reddit.com/contact,0
https://amazon.com/search?q=example,0
https://docs.spotify.com/help/faq,0
http://verify-amazon-account.com/@0zfkn/secure,1
https://www.amazon.com/search?q=example,0
https://docs.microsoft.com,0
http://paypal.com-account-update.info/signin,1
http://netflix-iy2s53.xyz/update-password,1
http://microsoft-login-secure.com/verify/qeds1vrtt1,1
https://www.spotify.com/help/faq,0
https://www.adobe.com/docs/api,0
https://dropbox.com,0
https://www.google.com,0
https://docs.nytimes.com/search?q=example,0
http://secure-chase-verify.tk/confirm?id=3xjvoe,1
https://docs.microsoft.com/search?q=example,0
https://www.wikipedia.org/blog/2024/update,0
http://netflix.com-account-update.info/signin,1
https://wikipedia.org/blog/2024/update,0
https://www.wikipedia.org/about,0
https://www.wikipedia.org/search?q=example,0
https://docs.bbc.com/about,0
https://www.amazon.com/search?q=example,0
https://www.linkedin.com/search?q=example,0
http://instagram-nyfm7vh30q.xyz/update-password,1
https://docs.apple.com/about,0
http://bankofamerica-zqfo.xyz/update-password,1
https://docs.spotify.com,0
http://secure-bankofamerica-verify.tk/confirm?id=bngz6wmd,1
https://docs.bbc.com/user/profile,0
https://nytimes.com/docs/api,0
https://docs.wikipedia.org/products,0
http://wellsfargo-login-secure.com/verify/0fot,1
https://www.adobe.com/search?q=example,0
http://verify-facebook-account.com/@2vp6f0/secure,1
http://192.168.203.225/chase/login.php,1
https://www.linkedin.com/products,0
http://microsoft-login-secure.com/verify/guuw0,1
http://microsoft-login-secure.com/verify/mf36bc,1
https://microsoft.com/user/profile,0
http://bit.ly/h2r9p,1
https://apple.com,0
http://instagram-login-secure.com/verify/d503779u7c,1
http://bankofamericasupport.ga/webscr?cmd=login&3mkr=1,1
http://secure-amazon-verify.tk/confirm?id=cmnt6,1
https://www.apple.com/products,0
http://paypalsupport.ga/webscr?cmd=login&i6jjtb8qop=1,1
https://docs.reddit.com/docs/api,0
http://bit.ly/42jzntmfek,1
https://docs.microsoft.com/help/faq,0
http://192.168.90.120/apple/login.php,1
http://chasesupport.cf/webscr?cmd=login&ewxqpf0=1,1
http://bit.ly/gy27vyli,1
http://secure-netflix-verify.tk/confirm?id=u4bawz,1
http://apple.com-account-update.info/signin,1
https://www.wikipedia.org/search?q=example,0
http://secure-bankofamerica-verify.tk/confirm?id=jqigyvzwd,1
https://github.com/user/profile,0
https://www.stackoverflow.com/help/faq,0
http://verify-microsoft-account.com/@jd2v57bmtt/secure,1
https://reddit.com/products,0
http://netflix-login-secure.com/verify/b86ktf,1
http://secure-instagram-verify.tk/confirm?id=gp8d,1
http://apple-ngflyr.xyz/update-password,1
https://docs.wikipedia.org/blog/2024/update,0
http://chase.com-account-update.info/signin,1
http://chase-login-secure.com/verify/f5hg57zuhf,1
https://spotify.com/docs/api,0
https://github.com/products,0
http://verify-facebook-account.com/@smado8e7f/secure,1
https://docs.amazon.com,0
https://www.linkedin.com/search?q=example,0
http://bankofamericasupport.cf/webscr?cmd=login&gea9wvwvia=1,1
http://bit.ly/l046,1
https://www.amazon.com,0
https://stackoverflow.com/docs/api,0
https://linkedin.com/user/profile,0
http://applesupport.top/webscr?cmd=login&gok0=1,1
http://apple-52mh68nd.xyz/update-password,1
https://www.wikipedia.org,0
http://wellsfargo.com-account-update.info/signin,1
https://reddit.com/docs/api,0
http://instagramsupport.top/webscr?cmd=login&tsw5ejr=1,1
https://www.spotify.com/help/faq,0
http://instagram-login-secure.com/verify/8cuhczt,1
http://bankofamerica-ahug9y1.xyz/update-password,1
https://microsoft.com/contact,0
https://adobe.com,0
http://verify-instagram-account.com/@ik08nj/secure,1
http://bit.ly/eyy1em,1
https://docs.microsoft.com/about,0
https://docs.spotify.com/products,0
http://wellsfargo.com-account-update.info/signin,1
https://www.wikipedia.org/user/profile,0
https://netflix.com/blog/2024/update,0
http://paypal-login-secure.com/verify/6xvaj2k,1
http://192.168.102.141/apple/login.php,1
http://192.168.67.227/amazon/login.php,1
https://www.adobe.com/products,0
https://spotify.com,0
http://verify-facebook-account.com/@gzsxjzvuv/secure,1
https://www.google.com/products,0
http://microsoft-h6k1wxywws.xyz/update-password,1
https://docs.reddit.com/help/faq,0
https://nytimes.com/user/profile,0
https://github.com/about,0
http://wellsfargosupport.ga/webscr?cmd=login&r14vuyv2=1,1
https://stackoverflow.com/help/faq,0
https://www.adobe.com/blog/2024/update,0
https://www.reddit.com/search?q=example,0
http://chase-login-secure.com/verify/mzqb0,1
https://docs.nytimes.com/about,0
https://www.amazon.com/about,0
http://bit.ly/6j8y6,1
https://www.wikipedia.org/blog/2024/update,0
https://wikipedia.org/search?q=example,0
https://www.bbc.com/search?q=example,0
https://docs.bbc.com/products,0
http://netflix-login-secure.com/verify/n98x1,1
http://bit.ly/9k9xju,1
http://wellsfargo.com-account-update.info/signin,1
https://www.amazon.com/search?q=example,0
https://www.apple.com/products,0
https://www.github.com/about,0
http://secure-facebook-verify.tk/confirm?id=kftlecsa,1
https://www.spotify.com/about,0
https://microsoft.com/about,0
https://google.com,0
http://paypal.com-account-update.info/signin,1
http://netflix-login-secure.com/verify/au87cm453k,1
https://linkedin.com/about,0
http://apple-login-secure.com/verify/f0wcyr,1
http://apple-login-secure.com/verify/2qe4pa8hy,1
https://www.microsoft.com/contact,0
http://verify-facebook-account.com/@hdk8lw2l/secure,1
http://wellsfargo.com-account-update.info/signin,1
https://docs.amazon.com/docs/api,0
https://docs.dropbox.com,0
https://www.netflix.com/contact,0
https://docs.linkedin.com/about,0
http://secure-wellsfargo-verify.tk/confirm?id=nl9vfruk9,1
http://netflix-3iest9omuq.xyz/update-password,1
http://bit.ly/2tlugg01,1
https://nytimes.com/user/profile,0
https://docs.apple.com/products,0
http://microsoft-32hzs32d1.xyz/update-password,1
http://192.168.175.241/netflix/login.php,1
https://www.wikipedia.org/products,0
http://facebook-login-secure.com/verify/ew9v0,1
https://www.dropbox.com/products,0
https://www.apple.com/docs/api,0
https://www.linkedin.com/user/profile,0
http://chase-kar1h11.xyz/update-password,1
http://192.168.19.69/bankofamerica/login.php,1
http://verify-apple-account.com/@49pso/secure,1
https://google.com/blog/2024/update,0
https://wikipedia.org/search?q=example,0
http://chase.com-account-update.info/signin,1
https://docs.apple.com/contact,0
http://instagram-ajhjxqkd8.xyz/update-password,1
http://secure-netflix-verify.tk/confirm?id=yuj7yktxg4,1
http://bankofamerica.com-account-update.info/signin,1
http://secure-amazon-verify.tk/confirm?id=31yuw2,1
https://www.netflix.com/search?q=example,0
https://nytimes.com/contact,0
https://www.microsoft.com/contact,0
http://facebook-5s4tl0thh.xyz/update-password,1
https://docs.netflix.com/products,0
http://apple.com-account-update.info/signin,1
https://docs.dropbox.com/contact,0
https://wikipedia.org/search?q=example,0
http://verify-wellsfargo-account.com/@mtxjq3kms/secure,1
http://microsoft-login-secure.com/verify/yv16z,1
https://apple.com/blog/2024/update,0
http://verify-bankofamerica-account.com/@a4feg/secure,1
https://docs.apple.com,0
http://instagram-al8m1g.xyz/update-password,1
https://www.stackoverflow.com/user/profile,0
https://adobe.com,0
http://netflix-loiki.xyz/update-password,1
http://bit.ly/l12q,1
http://microsoft-s3kkv9rftm.xyz/update-password,1
http://instagram-of0onjp.xyz/update-password,1
https://www.amazon.com/products,0
http://secure-instagram-verify.tk/confirm?id=hv3a3zm,1
https://google.com/search?q=example,0
http://192.168.64.58/bankofamerica/login.php,1
http://wellsfargo-login-secure.com/verify/6a3kkr,1
http://microsoft.com-account-update.info/signin,1
https://www.google.com/user/profile,0
http://bit.ly/ven3,1
https://www.netflix.com/about,0
http://bankofamerica-login-secure.com/verify/tcdz3095h,1
https://www.nytimes.com/user/profile,0
http://bit.ly/jb6m9nwyu,1
https://www.nytimes.com/docs/api,0
http://bit.ly/s5i5ft,1
https://www.amazon.com/docs/api,0
http://verify-wellsfargo-account.com/@r513b/secure,1
https://docs.microsoft.com/docs/api,0
https://apple.com/blog/2024/update,0
http://secure-paypal-verify.tk/confirm?id=ku4n,1
http://facebooksupport.tk/webscr?cmd=login&a5e742gr=1,1
http://wellsfargo.com-account-update.info/signin,1
http://bankofamerica-login-secure.com/verify/527psqzn,1
http://secure-facebook-verify.tk/confirm?id=qhwtek1,1
http://bit.ly/itjta,1
http://facebooksupport.top/webscr?cmd=login&lmfkrig7=1,1
https://www.linkedin.com/docs/api,0
http://bankofamerica.com-account-update.info/signin,1
http://verify-paypal-account.com/@1zppep6/secure,1
https://dropbox.com/contact,0
http://bit.ly/2ns8,1
http://verify-netflix-account.com/@5r8mnq/secure,1
http://amazon-login-secure.com/verify/rz4d4y,1
https://docs.reddit.com/about,0
https://docs.spotify.com/docs/api,0
http://secure-wellsfargo-verify.tk/confirm?id=jzgpxf5,1
https://www.apple.com/blog/2024/update,0
https://docs.wikipedia.org/docs/api,0
https://docs.google.com/user/profile,0
http://apple.com-account-update.info/signin,1
http://netflixsupport.ml/webscr?cmd=login&h548jrp=1,1
https://docs.bbc.com/docs/api,0
https://amazon.com/products,0
https://www.netflix.com,0
https://docs.google.com/about,0
https://stackoverflow.com/help/faq,0
http://secure-wellsfargo-verify.tk/confirm?id=zbc5f,1
https://www.netflix.com/blog/2024/update,0
https://www.wikipedia.org/user/profile,0
https://docs.reddit.com/docs/api,0
https://www.google.com/blog/2024/update,0
http://facebooksupport.tk/webscr?cmd=login&nijwaql=1,1
https://www.netflix.com/products,0
https://www.apple.com/user/profile,0
https://docs.google.com/about,0
https://www.bbc.com/search?q=example,0
https://nytimes.com/products,0
https://docs.apple.com/user/profile,0
http://bit.ly/slomeyl,1
https://docs.netflix.com/search?q=example,0
https://www.stackoverflow.com/help/faq,0
http://secure-paypal-verify.tk/confirm?id=co8jeahdz,1
http://verify-chase-account.com/@dxmo5/secure,1
http://microsoftsupport.ga/webscr?cmd=login&qo7yirq8rt=1,1
http://verify-bankofamerica-account.com/@zzdvg7oq2z/secure,1
http://192.168.65.4/bankofamerica/login.php,1
http://secure-amazon-verify.tk/confirm?id=za7t,1
https://www.microsoft.com/blog/2024/update,0
https://www.adobe.com/blog/2024/update,0
https://docs.spotify.com/blog/2024/update,0
https://docs.github.com/help/faq,0
http://192.168.243.159/apple/login.php,1
https://docs.bbc.com/blog/2024/update,0
http://verify-apple-account.com/@y3m0/secure,1
https://www.dropbox.com/blog/2024/update,0
http://netflix.com-account-update.info/signin,1
https://www.nytimes.com/about,0
http://amazon-login-secure.com/verify/6246hi,1
https://www.reddit.com,0
http://secure-paypal-verify.tk/confirm?id=7tlom5,1
https://github.com,0
https://www.stackoverflow.com,0
https://www.amazon.com/about,0
http://wellsfargosupport.top/webscr?cmd=login&6jlt8yd=1,1
http://secure-amazon-verify.tk/confirm?id=hjg4i,1
https://reddit.com/search?q=example,0
http://netflix.com-account-update.info/signin,1
https://docs.github.com,0
http://bankofamericasupport.tk/webscr?cmd=login&q4hpvi=1,1
http://verify-wellsfargo-account.com/@hx2k/secure,1
http://microsoft-login-secure.com/verify/8vwc,1
http://bankofamerica-4vzn.xyz/update-password,1
https://www.github.com/about,0
http://192.168.172.112/microsoft/login.php,1
http://verify-apple-account.com/@2cu7onz/secure,1
https://www.amazon.com/docs/api,0
https://www.github.com,0
http://applesupport.tk/webscr?cmd=login&7dxlse3=1,1
https://www.dropbox.com/blog/2024/update,0
http://verify-netflix-account.com/@9vccmt/secure,1
http://192.168.99.247/bankofamerica/login.php,1
http://apple.com-account-update.info/signin,1
http://instagram-login-secure.com/verify/kazochbirm,1
https://www.reddit.com/products,0
https://www.linkedin.com/blog/2024/update,0
https://apple.com/products,0
https://github.com/search?q=example,0
https://www.reddit.com/products,0
https://docs.amazon.com/help/faq,0
http://facebook-login-secure.com/verify/z9ly,1
https://www.microsoft.com/docs/api,0
http://secure-apple-verify.tk/confirm?id=d7r1930i6,1
https://www.spotify.com/blog/2024/update,0
https://www.microsoft.com/user/profile,0
http://bankofamerica-login-secure.com/verify/rr1v9np,1
http://paypal.com-account-update.info/signin,1
http://bit.ly/e6149368,1
http://bit.ly/8f84098,1
https://reddit.com,0
https://docs.microsoft.com/products,0
https://docs.amazon.com/docs/api,0
https://docs.wikipedia.org/search?q=example,0
http://secure-amazon-verify.tk/confirm?id=gyggsnp,1
http://verify-apple-account.com/@xme4p/secure,1
https://www.spotify.com/docs/api,0
http://instagram-3wxa73jgzl.xyz/update-password,1
https://google.com/search?q=example,0
http://192.168.55.153/paypal/login.php,1
http://secure-netflix-verify.tk/confirm?id=4opf,1
https://nytimes.com/help/faq,0
https://spotify.com/blog/2024/update,0
http://paypal-qt0d9.xyz/update-password,1
http://192.168.120.123/netflix/login.php,1
https://bbc.com,0
https://www.google.com/docs/api,0
https://www.amazon.com/products,0
https://microsoft.com/blog/2024/update,0
http://wellsfargo-5bxd8wj.xyz/update-password,1
https://www.bbc.com/contact,0
http://secure-microsoft-verify.tk/confirm?id=qv4tl,1
https://stackoverflow.com/blog/2024/update,0
https://www.bbc.com/products,0
https://docs.github.com/search?q=example,0
http://bankofamericasupport.ga/webscr?cmd=login&lzm76=1,1
http://192.168.220.175/wellsfargo/login.php,1
https://www.adobe.com/blog/2024/update,0
http://192.168.147.60/chase/login.php,1
https://www.apple.com/docs/api,0
http://192.168.138.142/paypal/login.php,1
http://microsoft.com-account-update.info/signin,1
http://applesupport.ml/webscr?cmd=login&8d0tg=1,1
http://secure-microsoft-verify.tk/confirm?id=knqt3wve,1
http://apple.com-account-update.info/signin,1
https://www.microsoft.com/contact,0
https://www.amazon.com/blog/2024/update,0
http://verify-bankofamerica-account.com/@l8pl6uza28/secure,1
http://192.168.142.57/netflix/login.php,1
http://192.168.155.45/microsoft/login.php,1
http://applesupport.ml/webscr?cmd=login&9gx2=1,1
https://adobe.com/docs/api,0
http://192.168.169.78/bankofamerica/login.php,1
https://spotify.com,0
https://www.spotify.com/about,0
https://www.spotify.com/user/profile,0
https://microsoft.com/user/profile,0
http://microsoft.com-account-update.info/signin,1
https://www.amazon.com/help/faq,0
https://netflix.com/help/faq,0
https://www.netflix.com,0
https://bbc.com,0
http://bit.ly/rh9vg,1
https://docs.dropbox.com/products,0
https://www.linkedin.com/search?q=example,0
http://chase-login-secure.com/verify/fu84,1
http://192.168.210.61/instagram/login.php,1
https://docs.nytimes.com/about,0
https://www.apple.com/search?q=example,0
http://192.168.167.228/wellsfargo/login.php,1
https://linkedin.com/products,0
http://bit.ly/tohrnqi,1
http://192.168.121.227/apple/login.php,1
https://docs.bbc.com/contact,0
https://docs.wikipedia.org/contact,0
https://docs.amazon.com/search?q=example,0
https://www.spotify.com/blog/2024/update,0
http://bankofamericasupport.cf/webscr?cmd=login&5ajr1ov9=1,1
https://wikipedia.org/about,0
https://www.adobe.com/products,0
http://verify-microsoft-account.com/@pcenlk/secure,1
http://chasesupport.ml/webscr?cmd=login&kku3s710nu=1,1
http://instagram.com-account-update.info/signin,1
https://docs.github.com/user/profile,0
https://bbc.com/about,0
http://192.168.148.171/amazon/login.php,1
http://apple-15h3qo.xyz/update-password,1
https://www.amazon.com,0
http://applesupport.tk/webscr?cmd=login&wtiqj7yh=1,1
https://wikipedia.org/about,0
https://www.microsoft.com/search?q=example,0
https://www.netflix.com/contact,0
http://verify-amazon-account.com/@21uzvgww4/secure,1
http://amazonsupport.top/webscr?cmd=login&pdmn1s3yg=1,1
http://bit.ly/gq9cvah78,1
http://verify-microsoft-account.com/@iqrt007pc/secure,1
https://docs.nytimes.com/search?q=example,0
https://docs.netflix.com/search?q=example,0
http://instagramsupport.ga/webscr?cmd=login&i0m2q22y=1,1
https://docs.reddit.com/about,0
https://github.com/about,0
http://apple-login-secure.com/verify/q20h,1
https://apple.com/contact,0
https://www.stackoverflow.com/help/faq,0
http://amazon-login-secure.com/verify/w2536,1
https://spotify.com/about,0
http://secure-instagram-verify.tk/confirm?id=jxl66y,1
http://192.168.174.70/amazon/login.php,1
http://instagram-login-secure.com/verify/j3kps04j,1
https://www.wikipedia.org/docs/api,0
http://secure-microsoft-verify.tk/confirm?id=c83gy1fko,1
http://facebook-uprt7.xyz/update-password,1
http://instagramsupport.ga/webscr?cmd=login&n9ye6bgg=1,1
http://verify-netflix-account.com/@ha1p/secure,1
http://secure-apple-verify.tk/confirm?id=sg2qfp,1
https://spotify.com/products,0
https://www.nytimes.com/user/profile,0
https://www.amazon.com/blog/2024/update,0
http://192.168.237.10/instagram/login.php,1
https://www.microsoft.com/docs/api,0
https://www.adobe.com/search?q=example,0
http://chase-login-secure.com/verify/jnvwrxgki,1
http://secure-microsoft-verify.tk/confirm?id=pu9jn,1
https://linkedin.com/docs/api,0
http://secure-amazon-verify.tk/confirm?id=0yxiyqbvtd,1
https://www.netflix.com/contact,0
https://docs.github.com/docs/api,0
http://secure-paypal-verify.tk/confirm?id=feyuhz1g,1
https://www.stackoverflow.com/about,0
https://amazon.com/products,0
https://www.adobe.com/user/profile,0
https://www.google.com,0
https://docs.wikipedia.org/blog/2024/update,0
http://bit.ly/6bgua,1
http://secure-facebook-verify.tk/confirm?id=mwwyzx4w6x,1
https://amazon.com/contact,0
http://instagramsupport.cf/webscr?cmd=login&w1puwsnffy=1,1
https://www.microsoft.com/search?q=example,0
http://secure-paypal-verify.tk/confirm?id=gcj1gnfi,1
http://instagram-uw165.xyz/update-password,1
https://www.netflix.com,0
https://www.bbc.com/help/faq,0
https://www.google.com/products,0
http://192.168.96.113/apple/login.php,1
https://www.microsoft.com/contact,0
https://www.wikipedia.org/help/faq,0
https://docs.bbc.com/about,0
https://docs.google.com/docs/api,0
https://nytimes.com/search?q=example,0
https://www.spotify.com/search?q=example,0
http://apple.com-account-update.info/signin,1
https://docs.linkedin.com/user/profile,0
http://amazon.com-account-update.info/signin,1
https://www.stackoverflow.com/help/faq,0
https://www.spotify.com,0
https://apple.com,0
https://stackoverflow.com/about,0
https://docs.reddit.com/search?q=example,0
http://bit.ly/nrfio878iy,1
https://docs.microsoft.com/user/profile,0
https://bbc.com/about,0
http://bit.ly/1vxnz0nx,1
http://microsoft-login-secure.com/verify/ii88bycz,1
http://bit.ly/36z4dsx,1
http://netflix.com-account-update.info/signin,1
https://docs.wikipedia.org,0
https://www.nytimes.com/contact,0
https://docs.microsoft.com/search?q=example,0
https://www.spotify.com/search?q=example,0
http://facebook-login-secure.com/verify/gnxb5jtb,1
https://docs.microsoft.com/user/profile,0
https://www.stackoverflow.com/docs/api,0
https://www.google.com/user/profile,0
http://apple.com-account-update.info/signin,1
https://www.netflix.com/contact,0
http://paypal-login-secure.com/verify/nus7psill0,1
https://www.netflix.com/about,0
https://docs.adobe.com/blog/2024/update,0
http://instagram.com-account-update.info/signin,1
https://docs.linkedin.com/blog/2024/update,0
http://secure-instagram-verify.tk/confirm?id=j0bi6atqgk,1
http://192.168.184.209/bankofamerica/login.php,1
https://www.nytimes.com/blog/2024/update,0
http://bit.ly/vowcp,1
https://www.spotify.com/about,0
http://verify-bankofamerica-account.com/@owlc/secure,1
https://www.nytimes.com/docs/api,0
https://www.dropbox.com/about,0
https://netflix.com/user/profile,0
https://bbc.com/blog/2024/update,0
https://docs.apple.com/user/profile,0
http://facebook.com-account-update.info/signin,1
http://bit.ly/29jb8j,1
http://facebook-login-secure.com/verify/gnp127ex,1
http://verify-amazon-account.com/@xlh8l/secure,1
https://www.dropbox.com/search?q=example,0
https://www.amazon.com/contact,0
http://secure-instagram-verify.tk/confirm?id=pqfh,1
https://linkedin.com/search?q=example,0
https://docs.nytimes.com/search?q=example,0
https://www.github.com/user/profile,0
http://netflix.com-account-update.info/signin,1
https://www.apple.com/search?q=example,0
https://www.google.com/user/profile,0
http://verify-wellsfargo-account.com/@55it9bn18g/secure,1
https://www.google.com/products,0
https://www.adobe.com/contact,0
http://chase.com-account-update.info/signin,1
http://192.168.134.133/apple/login.php,1
http://bit.ly/a2ux,1
https://www.reddit.com/blog/2024/update,0
http://instagram-login-secure.com/verify/truti7zf,1
https://www.microsoft.com/products,0
http://bit.ly/qntfp,1
https://www.microsoft.com/docs/api,0
http://verify-microsoft-account.com/@9gvbmqq7/secure,1
http://chase-login-secure.com/verify/h2odpvjtu,1
http://instagramsupport.tk/webscr?cmd=login&pbd7x9z39k=1,1
https://www.netflix.com/search?q=example,0
http://192.168.210.114/facebook/login.php,1
https://www.amazon.com/docs/api,0
http://microsoft.com-account-update.info/signin,1
https://microsoft.com/blog/2024/update,0
https://www.netflix.com/about,0
https://www.linkedin.com/user/profile,0
https://www.reddit.com/products,0
http://microsoft-login-secure.com/verify/qimi8a,1
https://www.apple.com,0
http://apple-1y5ay.xyz/update-password,1
http://apple.com-account-update.info/signin,1
https://docs.bbc.com/blog/2024/update,0
http://instagram-login-secure.com/verify/v6o9e9n,1
https://docs.google.com/about,0
http://facebook.com-account-update.info/signin,1
https://www.microsoft.com/contact,0
https://www.adobe.com/search?q=example,0
https://amazon.com/about,0
http://microsoftsupport.tk/webscr?cmd=login&alwvmb0=1,1
http://wellsfargo-login-secure.com/verify/agdx,1
https://www.amazon.com/blog/2024/update,0
https://www.stackoverflow.com/about,0
http://netflix.com-account-update.info/signin,1
http://verify-netflix-account.com/@0vrob7/secure,1
http://wellsfargo-login-secure.com/verify/uy4sa,1
http://secure-chase-verify.tk/confirm?id=tirzqak,1
https://www.adobe.com/user/profile,0
http://verify-paypal-account.com/@sxlu/secure,1
https://www.reddit.com/products,0
http://amazon-h75l.xyz/update-password,1
https://www.reddit.com/contact,0
https://www.google.com/search?q=example,0
https://docs.reddit.com,0
http://wellsfargosupport.cf/webscr?cmd=login&1vmymli=1,1
https://docs.stackoverflow.com/products,0
http://bankofamericasupport.cf/webscr?cmd=login&kj71k16y0=1,1
https://www.apple.com/search?q=example,0
https://spotify.com/products,0
https://bbc.com/docs/api,0
http://bankofamericasupport.click/webscr?cmd=login&tugknn=1,1
http://chase-yvgip.xyz/update-password,1
http://verify-amazon-account.com/@jbfsa5uz/secure,1
http://192.168.246.180/instagram/login.php,1
http://instagram.com-account-update.info/signin,1
http://netflix-login-secure.com/verify/bxvq,1
https://www.netflix.com/contact,0
http://paypal-login-secure.com/verify/2nixi,1
https://www.amazon.com/docs/api,0
http://bit.ly/hl88kzrui,1
http://secure-microsoft-verify.tk/confirm?id=szdximyn,1
https://docs.reddit.com/contact,0
http://verify-amazon-account.com/@211u64/secure,1
https://www.linkedin.com/contact,0
http://verify-microsoft-account.com/@zms804bfp/secure,1
http://apple-login-secure.com/verify/1406xlyjma,1
http://facebook.com-account-update.info/signin,1
https://apple.com/contact,0
https://docs.netflix.com/products,0
https://linkedin.com/search?q=example,0
https://www.reddit.com/user/profile,0
http://microsoft-30pocr.xyz/update-password,1
https://docs.dropbox.com/user/profile,0
https://docs.stackoverflow.com,0
http://facebook-7v1qsa11pt.xyz/update-password,1
http://bit.ly/rz0x,1
http://192.168.86.139/apple/login.php,1
http://wellsfargo-zkelz5toz.xyz/update-password,1
https://www.nytimes.com/contact,0
http://paypal-login-secure.com/verify/xw69hzgo,1
http://facebook-imi8f.xyz/update-password,1
http://facebooksupport.top/webscr?cmd=login&wy8um=1,1
https://www.amazon.com/contact,0
https://www.microsoft.com/contact,0
https://spotify.com/search?q=example,0
https://bbc.com/about,0
http://facebook.com-account-update.info/signin,1
http://secure-facebook-verify.tk/confirm?id=06xk,1
https://github.com/user/profile,0
https://www.adobe.com,0
https://docs.wikipedia.org/docs/api,0
http://secure-instagram-verify.tk/confirm?id=3w563b,1
https://docs.wikipedia.org/help/faq,0
https://wikipedia.org/help/faq,0
http://bit.ly/m0l2l,1
http://amazonsupport.top/webscr?cmd=login&d1poxrte=1,1
http://verify-paypal-account.com/@wyqm/secure,1
http://amazon-login-secure.com/verify/32ooux,1
https://www.stackoverflow.com/docs/api,0
http://facebook-o6cmlxzv.xyz/update-password,1
https://www.stackoverflow.com/products,0
https://www.nytimes.com/about,0
https://amazon.com/contact,0
http://wellsfargo.com-account-update.info/signin,1
https://www.amazon.com/about,0
http://instagramsupport.ga/webscr?cmd=login&gv46q71t=1,1
https://www.dropbox.com/about,0
https://www.google.com/user/profile,0
http://netflix-f826.xyz/update-password,1
https://amazon.com/search?q=example,0
http://secure-netflix-verify.tk/confirm?id=lcwbp,1
https://www.bbc.com/products,0
https://www.amazon.com/docs/api,0
http://secure-netflix-verify.tk/confirm?id=n4olr6n9,1
https://www.bbc.com/help/faq,0
https://www.google.com/user/profile,0
https://www.spotify.com/docs/api,0
https://apple.com,0
http://bankofamerica-4eij0.xyz/update-password,1
http://192.168.37.148/bankofamerica/login.php,1
https://www.netflix.com,0
https://www.github.com/search?q=example,0
http://instagram-login-secure.com/verify/soqz,1
https://www.github.com/blog/2024/update,0
http://192.168.211.251/amazon/login.php,1
http://192.168.202.254/wellsfargo/login.php,1
https://docs.nytimes.com/search?q=example,0
https://docs.wikipedia.org/about,0
http://facebooksupport.tk/webscr?cmd=login&6haih7wfr=1,1
http://192.168.54.244/paypal/login.php,1
http://amazon-fvrsc.xyz/update-password,1
http://verify-paypal-account.com/@x7b7p9j/secure,1
http://verify-facebook-account.com/@bphvgnq/secure,1
http://instagramsupport.ga/webscr?cmd=login&u7fbmenu=1,1
http://paypal-m291azh.xyz/update-password,1
https://bbc.com/about,0
http://secure-paypal-verify.tk/confirm?id=an68,1
http://facebooksupport.cf/webscr?cmd=login&5e033d=1,1
https://docs.google.com,0
https://www.github.com/docs/api,0
https://docs.bbc.com,0
http://bit.ly/yjcmrsez,1
https://www.google.com/contact,0
http://amazonsupport.top/webscr?cmd=login&mgs6=1,1
http://secure-chase-verify.tk/confirm?id=m21b07,1
http://secure-amazon-verify.tk/confirm?id=c6kstcjie,1
https://www.apple.com/contact,0
https://www.dropbox.com/docs/api,0
https://www.adobe.com/products,0
http://bankofamerica-0r8u7w.xyz/update-password,1
http://bit.ly/16ye0a,1
http://192.168.36.44/instagram/login.php,1
https://nytimes.com/docs/api,0
http://instagramsupport.ga/webscr?cmd=login&hnf877vr=1,1
https://docs.nytimes.com/search?q=example,0
http://192.168.169.150/apple/login.php,1
http://amazonsupport.cf/webscr?cmd=login&3yc6=1,1
https://www.wikipedia.org,0
http://verify-instagram-account.com/@scp9kj/secure,1
https://nytimes.com/search?q=example,0
http://verify-bankofamerica-account.com/@ycef2ctg0/secure,1
https://www.dropbox.com/about,0
http://facebook.com-account-update.info/signin,1
http://verify-netflix-account.com/@3wqa1vrg/secure,1
http://192.168.212.152/apple/login.php,1
http://secure-bankofamerica-verify.tk/confirm?id=9q5rdoq,1
https://docs.spotify.com,0
http://amazon-login-secure.com/verify/bbkjy2nz7v,1
http://chase-login-secure.com/verify/uuxop63,1
https://docs.google.com/docs/api,0
https://www.netflix.com/docs/api,0
http://bit.ly/oqu9y3z2t4,1
https://docs.adobe.com/blog/2024/update,0
https://google.com/blog/2024/update,0
http://amazon-mylrq1rdxc.xyz/update-password,1
http://amazon.com-account-update.info/signin,1
https://adobe.com/search?q=example,0
https://www.bbc.com/blog/2024/update,0
http://chase-ii2mvv4dc0.xyz/update-password,1
http://192.168.3.231/apple/login.php,1
http://microsoft.com-account-update.info/signin,1
https://docs.adobe.com/docs/api,0
https://google.com/user/profile,0
https://www.netflix.com,0
https://www.dropbox.com/products,0
http://secure-wellsfargo-verify.tk/confirm?id=9t9cd1l,1
https://microsoft.com/about,0
http://paypal.com-account-update.info/signin,1
https://amazon.com/contact,0
https://www.amazon.com/about,0
http://netflix.com-account-update.info/signin,1
https://www.amazon.com/blog/2024/update,0
http://amazon-login-secure.com/verify/l6kk2ni,1
https://docs.adobe.com/contact,0
http://microsoftsupport.ga/webscr?cmd=login&5kzh=1,1
https://www.bbc.com/products,0
http://192.168.57.219/paypal/login.php,1
http://facebook-n439en.xyz/update-password,1
https://github.com/products,0
http://chase.com-account-update.info/signin,1
http://verify-apple-account.com/@mukjdbl1/secure,1
https://linkedin.com,0
https://docs.stackoverflow.com/blog/2024/update,0
https://www.reddit.com/user/profile,0
https://www.google.com/products,0
https://linkedin.com/user/profile,0
http://secure-netflix-verify.tk/confirm?id=49h5v,1
https://microsoft.com/about,0
http://192.168.212.173/facebook/login.php,1
http://secure-bankofamerica-verify.tk/confirm?id=by8en,1
http://bit.ly/74mjdxo1,1
http://instagram-jjq9.xyz/update-password,1
https://www.reddit.com/user/profile,0
http://secure-instagram-verify.tk/confirm?id=yjr39,1
http://bankofamerica.com-account-update.info/signin,1
https://nytimes.com/docs/api,0
http://192.168.135.1/bankofamerica/login.php,1
http://bit.ly/d18h,1
http://192.168.17.88/facebook/login.php,1
http://bit.ly/44eew1y,1
http://wellsfargosupport.top/webscr?cmd=login&3jpxgh3015=1,1
https://docs.netflix.com/products,0
https://docs.stackoverflow.com/blog/2024/update,0
http://wellsfargosupport.top/webscr?cmd=login&esgbm65q5=1,1
https://docs.google.com/blog/2024/update,0
https://www.microsoft.com/docs/api,0
https://docs.adobe.com/docs/api,0
http://secure-facebook-verify.tk/confirm?id=s41lqfs6hn,1
http://netflix-y3xgwk1.xyz/update-password,1
http://netflix.com-account-update.info/signin,1
http://bankofamerica.com-account-update.info/signin,1
https://www.bbc.com/about,0
https://www.adobe.com,0
http://facebook-login-secure.com/verify/bjrbzj,1
https://www.bbc.com/about,0
https://apple.com/search?q=example,0
https://www.adobe.com/search?q=example,0
http://instagram-login-secure.com/verify/4znmzof,1
http://verify-instagram-account.com/@c81do6/secure,1
http://verify-netflix-account.com/@wl3rf/secure,1
https://docs.amazon.com/docs/api,0
https://google.com/search?q=example,0
https://www.adobe.com/docs/api,0
http://verify-bankofamerica-account.com/@bfv9xom/secure,1
http://verify-bankofamerica-account.com/@ynsz117r1/secure,1
http://facebook-4vssrural.xyz/update-password,1
http://instagram.com-account-update.info/signin,1
http://amazon.com-account-update.info/signin,1
http://verify-amazon-account.com/@pxaj/secure,1
https://www.linkedin.com/help/faq,0
https://netflix.com/help/faq,0
http://192.168.220.146/chase/login.php,1
https://www.adobe.com/blog/2024/update,0
http://facebook-login-secure.com/verify/819fmsyg91,1
http://facebook-login-secure.com/verify/idyre,1
http://bit.ly/cns6g298cq,1
https://reddit.com/user/profile,0
http://bit.ly/5kb3p,1
https://docs.reddit.com/docs/api,0
https://www.microsoft.com/contact,0
https://www.apple.com,0
https://github.com/help/faq,0
http://verify-instagram-account.com/@k5ezs96/secure,1
http://facebook-login-secure.com/verify/gfop8qzjul,1
http://wellsfargo.com-account-update.info/signin,1
https://www.spotify.com,0
https://docs.microsoft.com/contact,0
http://paypal-login-secure.com/verify/hulwjtiqw,1
http://verify-paypal-account.com/@4svkxb3ct/secure,1
https://docs.nytimes.com/user/profile,0
http://chase-login-secure.com/verify/20p6hgwlko,1
https://microsoft.com/help/faq,0
https://www.github.com/user/profile,0
https://microsoft.com/blog/2024/update,0
https://linkedin.com/docs/api,0
http://microsoftsupport.cf/webscr?cmd=login&nkw7wvy=1,1
https://www.apple.com,0
https://docs.github.com/contact,0
https://www.stackoverflow.com/products,0
http://192.168.47.54/netflix/login.php,1
https://amazon.com/about,0
https://www.nytimes.com/blog/2024/update,0
http://bit.ly/q15fbs4wv,1
https://docs.stackoverflow.com/about,0
http://amazonsupport.tk/webscr?cmd=login&ude358tre9=1,1
https://www.wikipedia.org/user/profile,0
https://wikipedia.org/docs/api,0
https://www.microsoft.com/about,0
https://docs.wikipedia.org/products,0
http://secure-wellsfargo-verify.tk/confirm?id=nhqe86o3,1
https://nytimes.com,0
https://www.apple.com,0
http://chase.com-account-update.info/signin,1
https://nytimes.com,0
http://microsoftsupport.tk/webscr?cmd=login&f1xo=1,1
https://linkedin.com/products,0
http://secure-paypal-verify.tk/confirm?id=tpbwsxxdy,1
https://www.google.com/help/faq,0
http://bankofamerica-login-secure.com/verify/2zntgg5,1
https://www.wikipedia.org/search?q=example,0
http://bit.ly/v12ii82,1
http://bit.ly/j31w0gq34p,1
http://secure-instagram-verify.tk/confirm?id=11f9i,1
https://www.spotify.com/search?q=example,0
https://docs.amazon.com,0
https://www.stackoverflow.com/help/faq,0
https://amazon.com/search?q=example,0
http://netflix.com-account-update.info/signin,1
https://www.github.com/user/profile,0
http://bit.ly/pq82,1
http://secure-bankofamerica-verify.tk/confirm?id=ldt8b,1
http://192.168.217.210/amazon/login.php,1
https://www.microsoft.com/blog/2024/update,0
http://secure-microsoft-verify.tk/confirm?id=yswe1g,1
http://secure-microsoft-verify.tk/confirm?id=8c9tfldy,1
http://bit.ly/oloq,1
http://facebook.com-account-update.info/signin,1
https://www.github.com/search?q=example,0
http://secure-bankofamerica-verify.tk/confirm?id=fb2f,1
https://docs.adobe.com/help/faq,0
http://verify-apple-account.com/@lgyt/secure,1
http://facebook-0s1g9.xyz/update-password,1
http://verify-facebook-account.com/@sxlmt2p/secure,1
http://netflixsupport.tk/webscr?cmd=login&fd0tv=1,1
https://www.github.com/contact,0
https://www.bbc.com/help/faq,0
https://www.google.com/blog/2024/update,0
http://paypal.com-account-update.info/signin,1
https://stackoverflow.com/user/profile,0
http://192.168.38.72/wellsfargo/login.php,1
https://www.google.com/user/profile,0
http://bankofamerica-login-secure.com/verify/yaac,1
https://www.bbc.com/blog/2024/update,0
https://www.stackoverflow.com/help/faq,0
http://192.168.217.199/amazon/login.php,1
https://www.wikipedia.org/docs/api,0
http://verify-instagram-account.com/@trutlq/secure,1
http://microsoft.com-account-update.info/signin,1
http://netflixsupport.click/webscr?cmd=login&0uhk=1,1
http://instagram-cagrp2u.xyz/update-password,1
https://www.stackoverflow.com/blog/2024/update,0
https://www.stackoverflow.com/about,0
http://bankofamerica-login-secure.com/verify/motc,1
http://bankofamerica-77lu8el50.xyz/update-password,1
https://netflix.com/products,0
https://www.wikipedia.org/products,0
https://www.github.com,0
http://instagram-login-secure.com/verify/68lzf4nub5,1
https://apple.com/blog/2024/update,0
https://docs.microsoft.com/about,0
https://docs.apple.com/search?q=example,0
https://dropbox.com/contact,0
http://secure-amazon-verify.tk/confirm?id=ti2lswb,1
https://www.google.com,0
https://nytimes.com/help/faq,0
http://192.168.74.88/instagram/login.php,1
http://bit.ly/pq0hzyjb48,1
https://wikipedia.org/products,0
https://stackoverflow.com/blog/2024/update,0
https://www.netflix.com/contact,0
http://chasesupport.top/webscr?cmd=login&0e36s2=1,1
http://verify-apple-account.com/@tlvr7mgatn/secure,1
http://verify-amazon-account.com/@tpk2n/secure,1
http://bit.ly/7glb82motz,1
http://verify-chase-account.com/@qk1io1zm4/secure,1
https://www.reddit.com,0
http://paypal-login-secure.com/verify/5payg,1
http://verify-netflix-account.com/@4ebo/secure,1
http://microsoft-login-secure.com/verify/l2uncgw,1
https://www.netflix.com,0
http://bit.ly/07ol93,1
https://www.dropbox.com/contact,0
http://192.168.138.244/amazon/login.php,1
https://www.nytimes.com/contact,0
https://docs.spotify.com/products,0
https://www.microsoft.com/blog/2024/update,0
http://bit.ly/fncr,1
https://www.wikipedia.org,0
http://verify-facebook-account.com/@s9j6lnf0/secure,1
http://192.168.199.233/amazon/login.php,1
http://verify-wellsfargo-account.com/@m8j5ecr/secure,1
https://www.amazon.com/docs/api,0
http://192.168.219.14/bankofamerica/login.php,1
https://docs.linkedin.com/products,0
http://verify-bankofamerica-account.com/@7zk94yxf/secure,1
https://www.dropbox.com/products,0
http://verify-microsoft-account.com/@bilqp/secure,1
https://docs.netflix.com/docs/api,0
https://www.wikipedia.org,0
https://www.spotify.com/products,0
https://docs.amazon.com/contact,0
https://www.reddit.com/blog/2024/update,0
http://192.168.117.131/amazon/login.php,1
https://www.stackoverflow.com,0
https://www.bbc.com/docs/api,0
https://docs.amazon.com/contact,0
https://docs.stackoverflow.com/about,0
http://instagram.com-account-update.info/signin,1
https://www.adobe.com/blog/2024/update,0
https://www.wikipedia.org/blog/2024/update,0
https://github.com/help/faq,0
http://verify-bankofamerica-account.com/@71g4ea/secure,1
http://192.168.148.250/instagram/login.php,1
http://bit.ly/o5awlgit,1
https://www.github.com/blog/2024/update,0
https://www.bbc.com/search?q=example,0
http://paypal.com-account-update.info/signin,1
https://docs.netflix.com/search?q=example,0
https://www.linkedin.com/help/faq,0
http://verify-facebook-account.com/@wqp3nip/secure,1
http://microsoft-loqtq685o.xyz/update-password,1
https://netflix.com/contact,0
https://www.dropbox.com/contact,0
https://www.google.com/help/faq,0
https://www.reddit.com/products,0
https://docs.wikipedia.org/about,0
https://reddit.com/about,0
https://www.amazon.com,0
https://www.netflix.com/contact,0
https://www.stackoverflow.com/contact,0
http://chase-xtfd.xyz/update-password,1
https://www.netflix.com/help/faq,0
https://www.linkedin.com/contact,0
https://docs.spotify.com,0
http://paypal-ivi05.xyz/update-password,1
http://verify-netflix-account.com/@gu72dd9eq/secure,1
http://192.168.235.48/apple/login.php,1
https://www.amazon.com/about,0
http://apple.com-account-update.info/signin,1
https://www.google.com,0
https://docs.spotify.com/contact,0
https://github.com/docs/api,0
https://docs.adobe.com/blog/2024/update,0
https://www.microsoft.com/blog/2024/update,0
http://netflix-login-secure.com/verify/cvsqame,1
http://verify-chase-account.com/@yyfg/secure,1
http://bit.ly/brmqg1v,1
https://docs.nytimes.com,0
http://192.168.186.164/instagram/login.php,1
https://www.google.com/contact,0
https://www.stackoverflow.com/products,0
http://192.168.75.213/instagram/login.php,1
http://wellsfargo-b166xtf5.xyz/update-password,1
http://wellsfargo.com-account-update.info/signin,1
https://reddit.com/about,0
http://paypal-login-secure.com/verify/xlkk,1
http://amazon-login-secure.com/verify/qijc1yd,1
http://secure-paypal-verify.tk/confirm?id=9in2xr838,1
http://192.168.147.242/microsoft/login.php,1
http://bit.ly/g0v5d,1
http://bankofamerica.com-account-update.info/signin,1
http://applesupport.ga/webscr?cmd=login&fqs3d6357o=1,1
http://192.168.91.224/instagram/login.php,1
http://verify-instagram-account.com/@41cro04by/secure,1
http://bit.ly/38k0hf3,1
http://verify-chase-account.com/@hxxyfgg3ty/secure,1
https://www.nytimes.com/user/profile,0
https://www.microsoft.com/blog/2024/update,0
http://192.168.133.3/paypal/login.php,1
http://secure-facebook-verify.tk/confirm?id=6vgk4,1
http://instagramsupport.top/webscr?cmd=login&dn1mx=1,1
http://chase.com-account-update.info/signin,1
http://amazon-login-secure.com/verify/dn3tn6,1
http://bit.ly/rumehcy,1
https://github.com,0
http://secure-chase-verify.tk/confirm?id=vwzophgft,1
https://docs.wikipedia.org/user/profile,0
https://www.google.com/about,0
https://www.adobe.com/blog/2024/update,0
http://192.168.188.79/paypal/login.php,1
http://bit.ly/6s5zxq,1
https://docs.github.com/products,0
https://www.stackoverflow.com/products,0
http://netflix-aiprq.xyz/update-password,1
http://wellsfargosupport.ml/webscr?cmd=login&yfoq=1,1
http://secure-netflix-verify.tk/confirm?id=67zsoou,1
http://facebooksupport.ml/webscr?cmd=login&nv2m=1,1
https://reddit.com,0
http://192.168.123.178/apple/login.php,1
http://192.168.146.126/wellsfargo/login.php,1
https://www.amazon.com/about,0
https://google.com,0
https://www.github.com/help/faq,0
https://www.spotify.com/help/faq,0
https://www.spotify.com/search?q=example,0
http://bankofamerica-login-secure.com/verify/9h0y,1
http://apple.com-account-update.info/signin,1
http://192.168.210.111/apple/login.php,1
https://docs.nytimes.com/blog/2024/update,0
https://docs.dropbox.com/docs/api,0
http://microsoft-login-secure.com/verify/lunj,1
https://docs.dropbox.com,0
http://192.168.229.170/apple/login.php,1
http://microsoftsupport.ml/webscr?cmd=login&r0az0znz3=1,1
http://instagram-login-secure.com/verify/wnqmw,1
https://docs.wikipedia.org/contact,0
https://www.adobe.com/user/profile,0
https://www.netflix.com/about,0
https://docs.google.com/help/faq,0
http://bankofamerica-e2l4zjd5.xyz/update-password,1
https://docs.dropbox.com/contact,0
http://netflix-login-secure.com/verify/8drc11er,1
http://wellsfargo.com-account-update.info/signin,1
https://docs.spotify.com/search?q=example,0
https://www.dropbox.com/contact,0
http://bit.ly/5egvlkd,1
http://verify-chase-account.com/@9x49tm/secure,1
http://paypalsupport.click/webscr?cmd=login&omvi=1,1
http://netflix-rfoz.xyz/update-password,1
http://verify-bankofamerica-account.com/@1j5ewf/secure,1
http://netflix.com-account-update.info/signin,1
http://bit.ly/xd356waff,1
http://verify-netflix-account.com/@dxc6ri/secure,1
https://docs.wikipedia.org/blog/2024/update,0
http://bankofamericasupport.click/webscr?cmd=login&i53ll=1,1
http://secure-instagram-verify.tk/confirm?id=xfjnjd5s,1
https://www.wikipedia.org/products,0
https://bbc.com/search?q=example,0
https://www.reddit.com/help/faq,0
https://www.adobe.com/user/profile,0
http://verify-apple-account.com/@zt0lfj4/secure,1
https://www.google.com/blog/2024/update,0
http://bit.ly/xhcgr,1
https://docs.nytimes.com/search?q=example,0
https://www.netflix.com/search?q=example,0
https://docs.reddit.com/user/profile,0
